date,total_withdrawals_cop,transaction_count,day_of_week,is_weekend,is_holiday,is_payday,is_month_end,days_to_payday,trend,special_event,month,lag_1,lag_7,lag_14,lag_28,rolling_mean_7,rolling_mean_14,rolling_std_7
2024-07-29,120935751761,445595,0,0,0,0,0,2,0.0383561643835616,0,7,99708389033.0,97336724335.0,119395927621.0,95823227693.0,115261419478.85715,112842563664.71428,13484697690.38615
2024-07-30,137192902773,506698,1,0,0,0,0,1,0.0397260273972602,0,7,120935751761.0,111394695064.0,125725368308.0,106268544867.0,118632709111.14285,112952551103.28572,10972439907.64503
2024-07-31,168402868101,586538,2,0,0,1,1,0,0.0410958904109589,0,7,137192902773.0,133755383166.0,135820499582.0,121364343045.0,122318167355.28572,113771660707.92857,12378612935.860043
2024-08-01,112404859417,431156,3,0,0,0,0,14,0.0424657534246575,0,8,168402868101.0,119707142034.0,98817448217.0,106506681208.0,127267808060.28572,116098972745.0,21373182124.865757
2024-08-02,125853914750,453683,4,0,0,0,0,13,0.0438356164383561,0,8,112404859417.0,127328966806.0,118485783810.0,96581641439.0,126224624829.28572,117069502116.42857,21973481888.0013
2024-08-03,126723948358,444534,5,1,0,0,0,12,0.0452054794520547,0,8,125853914750.0,117598635914.0,89096726633.0,111184679006.0,126013903107.0,117595797183.57143,21968198480.779655
2024-08-04,96843525676,418325,6,1,0,0,0,11,0.0465753424657534,0,8,126723948358.0,99708389033.0,85624200783.0,94855518302.0,127317519170.42857,120283455878.21428,21654106636.65078
2024-08-05,94406439077,475794,0,0,0,0,0,10,0.047945205479452,0,8,96843525676.0,120935751761.0,97336724335.0,113053846363.0,126908252976.57143,121084836227.71428,22280895127.962685
2024-08-06,115809585818,445263,1,0,0,0,0,9,0.0493150684931506,0,8,94406439077.0,137192902773.0,111394695064.0,90670716980.0,123118351164.57143,120875530137.85715,25491120584.7572
2024-08-07,76175699198,326410,2,0,1,0,0,8,0.0506849315068493,0,8,115809585818.0,168402868101.0,133755383166.0,72411805932.0,120063591599.57143,121190879477.42857,24795118901.082806
2024-08-08,81459373419,396675,3,0,0,0,0,7,0.0520547945205479,0,8,76175699198.0,112404859417.0,119707142034.0,122273142967.0,106888281756.28572,117078044908.28572,18543316174.196373
2024-08-09,149247277019,486655,4,0,0,0,0,6,0.0534246575342465,0,8,81459373419.0,125853914750.0,127328966806.0,139545738627.0,102467498042.28572,114346061435.78572,20585273449.867382
2024-08-10,164770076332,514457,5,1,0,0,0,5,0.0547945205479452,0,8,149247277019.0,126723948358.0,117598635914.0,109855697662.0,105809406937.85715,115911655022.42857,26159018990.4431
2024-08-11,108280392247,417926,6,1,0,0,0,4,0.0561643835616438,0,8,164770076332.0,96843525676.0,99708389033.0,73892485744.0,111244568077.0,119281043623.71428,34004708751.35182
2024-08-12,106370138148,408187,0,0,0,0,0,3,0.0575342465753424,0,8,108280392247.0,94406439077.0,120935751761.0,119395927621.0,112878406158.57143,119893329567.57143,33467973824.647606
2024-08-13,138379722802,461706,1,0,0,0,0,2,0.0589041095890411,0,8,106370138148.0,115809585818.0,137192902773.0,125725368308.0,114587506025.85715,118852928595.21428,32663252694.998756
2024-08-14,112462755571,448382,2,0,0,0,0,1,0.0602739726027397,0,8,138379722802.0,76175699198.0,168402868101.0,135820499582.0,117811811309.28572,118937701454.42857,33894767412.98833
2024-08-15,115884522753,465566,3,0,0,1,0,0,0.0616438356164383,0,8,112462755571.0,81459373419.0,112404859417.0,98817448217.0,122995676505.42857,114941979130.85715,28867718143.365376
2024-08-16,119523650623,538288,4,0,0,0,0,15,0.0630136986301369,0,8,115884522753.0,149247277019.0,125853914750.0,118485783810.0,127913554981.71428,115190526512.0,22934966890.02458
2024-08-17,137630502311,494507,5,1,0,0,0,14,0.0643835616438356,0,8,119523650623.0,164770076332.0,126723948358.0,89096726633.0,123667322639.42857,114738364788.64285,20996529923.341427
2024-08-18,95514288545,425031,6,1,0,0,0,13,0.0657534246575342,0,8,137630502311.0,108280392247.0,96843525676.0,85624200783.0,119790240636.42857,115517404356.71428,13199982855.753496
2024-08-19,75061297088,351315,0,0,1,0,0,12,0.0671232876712328,0,8,95514288545.0,106370138148.0,94406439077.0,97336724335.0,117966511536.14285,115422458847.35715,15700321703.350636
2024-08-20,119759135139,466478,1,0,0,0,0,11,0.0684931506849315,0,8,75061297088.0,138379722802.0,115809585818.0,111394695064.0,113493819956.14285,114040662991.0,22529045588.70428
2024-08-21,117122507163,471413,2,0,0,0,0,10,0.0698630136986301,0,8,119759135139.0,112462755571.0,76175699198.0,133755383166.0,110833736004.28572,114322773656.78572,20065563611.56305
2024-08-22,111316827705,376226,3,0,0,0,0,9,0.0712328767123287,0,8,117122507163.0,115884522753.0,81459373419.0,119707142034.0,111499414803.14285,117247545654.28572,20205420470.72725
2024-08-23,127905321279,451245,4,0,0,0,0,8,0.0726027397260273,0,8,111316827705.0,119523650623.0,149247277019.0,127328966806.0,110846886939.14285,119380220960.42857,20113750339.907337
2024-08-24,124346210165,466686,5,1,0,0,0,7,0.073972602739726,0,8,127905321279.0,137630502311.0,164770076332.0,117598635914.0,112044268461.42857,117855795550.42857,20948530628.45965
2024-08-25,87338317347,379521,6,1,0,0,0,6,0.0753424657534246,0,8,124346210165.0,95514288545.0,108280392247.0,99708389033.0,110146512440.57143,114968376538.5,18728399444.957428
2024-08-26,109117555879,427932,0,0,0,0,0,5,0.0767123287671232,0,8,87338317347.0,75061297088.0,106370138148.0,120935751761.0,108978516555.14285,113472514045.64285,20004499332.220768
2024-08-27,130893259407,518547,1,0,0,0,0,4,0.0780821917808219,0,8,109117555879.0,119759135139.0,138379722802.0,137192902773.0,113843696382.42857,113668758169.28572,13447624904.826
2024-08-28,90391652737,413485,2,0,0,0,0,3,0.0794520547945205,0,8,130893259407.0,117122507163.0,112462755571.0,168402868101.0,115434285563.57143,113134010783.92857,14849338141.980629
2024-08-29,113265942443,473238,3,0,0,0,0,2,0.0808219178082191,0,8,90391652737.0,111316827705.0,115884522753.0,112404859417.0,111615592074.14285,111557503438.64285,17536739940.68619
2024-08-30,100840577936,431997,4,0,0,0,0,1,0.0821917808219178,0,8,113265942443.0,127905321279.0,119523650623.0,125853914750.0,111894037036.71428,111370461987.92857,17546676615.506603
2024-08-31,120537325344,532144,5,1,0,1,1,0,0.0835616438356164,0,8,100840577936.0,124346210165.0,137630502311.0,126723948358.0,108027645130.57143,110035956796.0,16373199605.329048
2024-09-01,103457153854,435541,6,1,0,0,0,14,0.084931506849315,0,9,120537325344.0,87338317347.0,95514288545.0,96843525676.0,107483518727.57143,108815015584.07143,15793532491.487158
2024-09-02,129725949443,487750,0,0,0,0,0,13,0.0863013698630137,0,9,103457153854.0,109117555879.0,75061297088.0,94406439077.0,109786209657.14285,109382363106.14285,13353400242.194267
2024-09-03,100507229987,493722,1,0,0,0,0,12,0.0876712328767123,0,9,129725949443.0,130893259407.0,119759135139.0,115809585818.0,112730265880.57143,113286981131.5,15309875046.818174
2024-09-04,120934422785,487770,2,0,0,0,0,11,0.0890410958904109,0,9,100507229987.0,90391652737.0,117122507163.0,76175699198.0,108389404534.85715,111911845049.21428,13502841526.573502
2024-09-05,116997585900,428069,3,0,0,0,0,10,0.0904109589041095,0,9,120934422785.0,113265942443.0,111316827705.0,81459373419.0,112752657398.85715,112184124736.5,11504730621.091383
2024-09-06,131531202287,454457,4,0,0,0,0,9,0.0917808219178082,0,9,116997585900.0,100840577936.0,127905321279.0,149247277019.0,113285749321.28572,112589893179.0,11618373433.504871
2024-09-07,160608170999,535766,5,1,0,0,0,8,0.0931506849315068,0,9,131531202287.0,120537325344.0,124346210165.0,164770076332.0,117670124228.57143,112848884679.57143,11925984706.120592
2024-09-08,90960192335,403899,6,1,0,0,0,7,0.0945205479452054,0,9,160608170999.0,103457153854.0,87338317347.0,108280392247.0,123394530750.71428,115439024739.14285,20246184312.406742
2024-09-09,90637689063,396425,0,0,0,0,0,6,0.0958904109589041,0,9,90960192335.0,129725949443.0,109117555879.0,106370138148.0,121609250533.71428,115697730095.42857,22699576383.86904
2024-09-10,94580082509,418895,1,0,0,0,0,5,0.0972602739726027,0,9,90637689063.0,100507229987.0,130893259407.0,138379722802.0,116025213336.57143,114377739608.57143,25055641835.919704
2024-09-11,110178391853,419799,2,0,0,0,0,4,0.0986301369863013,0,9,94580082509.0,120934422785.0,90391652737.0,112462755571.0,115178477982.57143,111783941258.71428,25757776270.851433
2024-09-12,118663999919,464155,3,0,0,0,0,3,0.1,0,9,110178391853.0,116997585900.0,113265942443.0,115884522753.0,113641902135.14285,113197279767.0,25677878721.78971
2024-09-13,143354678259,482807,4,0,0,0,0,2,0.1013698630136986,0,9,118663999919.0,131531202287.0,100840577936.0,119523650623.0,113879961280.71428,113582855301.0,25721861264.395996
2024-09-14,160711341436,531063,5,1,0,0,0,1,0.1027397260273972,0,9,143354678259.0,160608170999.0,120537325344.0,137630502311.0,115569029276.71428,116619576752.64285,27407136717.928333
2024-09-15,93040531121,421097,6,1,0,1,0,0,0.1041095890410958,0,9,160711341436.0,90960192335.0,103457153854.0,95514288545.0,115583767910.57143,119489149330.64285,27435407165.031143
2024-09-16,106913645352,493167,0,0,0,0,0,14,0.1054794520547945,0,9,93040531121.0,90637689063.0,129725949443.0,75061297088.0,115880959165.71428,118745104849.71428,27133829408.434433
2024-09-17,123830614189,495344,1,0,0,0,0,13,0.1068493150684931,0,9,106913645352.0,94580082509.0,100507229987.0,119759135139.0,118206095778.42857,117115654557.5,25241547759.849827
2024-09-18,115850190018,447283,2,0,0,0,0,12,0.1082191780821917,0,9,123830614189.0,110178391853.0,120934422785.0,117122507163.0,122384743161.28572,118781610571.92857,23000121182.899994
2024-09-19,111118592780,464987,3,0,0,0,0,11,0.1095890410958904,0,9,115850190018.0,118663999919.0,116997585900.0,111316827705.0,123195000042.0,118418451088.57143,22594775227.91657
2024-09-20,108038709457,450670,4,0,0,0,0,10,0.110958904109589,0,9,111118592780.0,143354678259.0,131531202287.0,127905321279.0,122117084736.42857,117998523008.57143,23022885519.997982
2024-09-21,134136143955,486213,5,1,0,0,0,9,0.1123287671232876,0,9,108038709457.0,160711341436.0,160608170999.0,124346210165.0,117071946336.14285,116320487806.42857,21406038351.8833
2024-09-22,84730463430,401064,6,1,0,0,0,8,0.1136986301369863,0,9,134136143955.0,93040531121.0,90960192335.0,87338317347.0,113275489553.14285,114429628731.85715,13135253547.175121
2024-09-23,95317077827,403883,0,0,0,0,0,7,0.1150684931506849,0,9,84730463430.0,106913645352.0,90637689063.0,109117555879.0,112088337025.85715,113984648095.78572,15441874725.62044
2024-09-24,132902517265,492083,1,0,0,0,0,6,0.1164383561643835,0,9,95317077827.0,123830614189.0,94580082509.0,130893259407.0,110431684522.28572,114318890150.35715,16663308939.219172
2024-09-25,106595108103,442986,2,0,0,0,0,5,0.1178082191780822,0,9,132902517265.0,115850190018.0,110178391853.0,90391652737.0,111727670676.0,117056206918.64285,18164274166.55342
2024-09-26,113488320880,449494,3,0,0,0,0,4,0.1191780821917808,0,9,106595108103.0,111118592780.0,118663999919.0,113265942443.0,110405516116.71428,116800258079.35715,18151017051.74504
2024-09-27,133919489405,502597,4,0,0,0,0,3,0.1205479452054794,0,9,113488320880.0,108038709457.0,143354678259.0,100840577936.0,110744048702.42857,116430566719.42857,18188593022.258564
2024-09-28,121680250384,525602,5,1,0,0,0,2,0.121917808219178,0,9,133919489405.0,134136143955.0,160711341436.0,120537325344.0,114441302980.71428,115756624658.42857,20079192645.263206
2024-09-29,93910013384,442534,6,1,0,0,0,1,0.1232876712328767,0,9,121680250384.0,84730463430.0,93040531121.0,103457153854.0,112661889613.42857,112968689583.28572,18535530199.6686
2024-09-30,147336827520,491540,0,0,0,1,1,0,0.1246575342465753,0,9,93910013384.0,95317077827.0,106913645352.0,129725949443.0,113973253892.57143,113030795459.21428,16435864434.584133
2024-10-01,104249172080,464575,1,0,0,0,0,14,0.1260273972602739,0,10,147336827520.0,132902517265.0,123830614189.0,100507229987.0,121404646705.85715,115918165614.07143,18254322702.93775
2024-10-02,88025669185,465982,2,0,0,0,0,13,0.1273972602739726,0,10,104249172080.0,106595108103.0,115850190018.0,120934422785.0,117311311679.42857,114519491177.71428,18457804694.453083
2024-10-03,70889825837,371560,3,0,0,0,0,12,0.1287671232876712,0,10,88025669185.0,113488320880.0,111118592780.0,116997585900.0,114658534691.14285,112532025403.92857,21360768485.724857
2024-10-04,106013191141,408837,4,0,0,0,0,11,0.1301369863013698,0,10,70889825837.0,133919489405.0,108038709457.0,131531202287.0,108573035399.28572,109658542050.85715,27057937667.103016
2024-10-05,117093391900,434336,5,1,0,0,0,10,0.1315068493150684,0,10,106013191141.0,121680250384.0,134136143955.0,160608170999.0,104586421361.57143,109513862171.14285,24649713914.310028
2024-10-06,82467041341,370829,6,1,0,0,0,9,0.1328767123287671,0,10,117093391900.0,93910013384.0,84730463430.0,90960192335.0,103931155863.85715,108296522738.64285,24175987010.66002
2024-10-07,134913988001,459914,0,0,0,0,0,8,0.1342465753424657,0,10,82467041341.0,147336827520.0,95317077827.0,90637689063.0,102296445572.0,108134849732.28572,25326037521.09087
2024-10-08,75347064604,424726,1,0,0,0,0,7,0.1356164383561643,0,10,134913988001.0,104249172080.0,132902517265.0,94580082509.0,100521754212.14285,110963200459.0,21839072100.422997
2024-10-09,116427515471,438243,2,0,0,0,0,6,0.136986301369863,0,10,75347064604.0,88025669185.0,106595108103.0,110178391853.0,96392881715.57143,106852096697.5,23672095589.177536
2024-10-10,143719681860,491902,3,0,0,0,0,5,0.1383561643835616,0,10,116427515471.0,70889825837.0,113488320880.0,118663999919.0,100450288327.85715,107554411509.5,24421121741.774475
2024-10-11,102356041057,457392,4,0,0,0,0,4,0.1397260273972602,0,10,143719681860.0,106013191141.0,133919489405.0,143354678259.0,110854553474.0,109713794436.64285,25229035733.016018
2024-10-12,135704202625,528534,5,1,0,0,0,3,0.1410958904109589,0,10,102356041057.0,117093391900.0,121680250384.0,160711341436.0,110332103462.0,107459262411.78572,25383395852.617367
2024-10-13,77094837441,375136,6,1,0,0,0,2,0.1424657534246575,0,10,135704202625.0,82467041341.0,93910013384.0,93040531121.0,112990790708.42857,108460973286.14285,27124554618.58331
2024-10-14,80220584055,350430,0,0,1,0,0,1,0.1438356164383561,0,10,77094837441.0,134913988001.0,147336827520.0,106913645352.0,112223333008.42857,107259889290.21428,28187308094.902836
2024-10-15,113256772171,450616,1,0,0,1,0,0,0.1452054794520547,0,10,80220584055.0,75347064604.0,104249172080.0,123830614189.0,104409989587.57143,102465871899.85715,28428617607.73333
2024-10-16,142082587045,477541,2,0,0,0,0,15,0.1465753424657534,0,10,113256772171.0,116427515471.0,88025669185.0,115850190018.0,109825662097.14285,103109271906.35715,25421195837.599827
2024-10-17,143242036950,476218,3,0,0,0,0,14,0.147945205479452,0,10,142082587045.0,143719681860.0,70889825837.0,111118592780.0,113490672322.0,106970480324.92857,28226234328.975014
2024-10-18,99802303396,401193,4,0,0,0,0,13,0.1493150684931506,0,10,143242036950.0,102356041057.0,106013191141.0,108038709457.0,113422437334.85715,112138495404.42857,28141428280.060307
2024-10-19,171389247941,517738,5,1,0,0,0,12,0.1506849315068493,0,10,99802303396.0,135704202625.0,117093391900.0,134136143955.0,113057617669.0,111694860565.5,28324757080.64217
2024-10-20,95561471205,420524,6,1,0,0,0,11,0.1520547945205479,0,10,171389247941.0,77094837441.0,82467041341.0,84730463430.0,118155481285.57143,115573135997.0,35406084618.11844
2024-10-21,132024709845,424659,0,0,0,0,0,10,0.1534246575342465,0,10,95561471205.0,80220584055.0,134913988001.0,95317077827.0,120793571823.28572,116508452415.85715,32396864906.721447
2024-10-22,105305054507,406495,1,0,0,0,0,9,0.1547945205479452,0,10,132024709845.0,113256772171.0,75347064604.0,132902517265.0,128194161221.85715,116302075404.71428,27061446116.19934
2024-10-23,119252382741,461473,2,0,0,0,0,8,0.1561643835616438,0,10,105305054507.0,142082587045.0,116427515471.0,106595108103.0,127058201555.57143,118441931826.35715,27945434866.906906
2024-10-24,109215283943,423867,3,0,0,0,0,7,0.1575342465753424,0,10,119252382741.0,143242036950.0,143719681860.0,113488320880.0,123796743797.85715,118643708059.92857,27222609722.11854
2024-10-25,174864703466,487556,4,0,0,0,0,6,0.1589041095890411,0,10,109215283943.0,99802303396.0,102356041057.0,133919489405.0,118935779082.57143,116179108208.71428,26190073120.936375
2024-10-26,149272993292,501877,5,1,0,0,0,5,0.1602739726027397,0,10,174864703466.0,171389247941.0,135704202625.0,121680250384.0,129658979092.57143,121358298380.78572,31813427830.9683
2024-10-27,98215280621,473559,6,1,0,0,0,4,0.1616438356164383,0,10,149272993292.0,95561471205.0,77094837441.0,93910013384.0,126499514142.71428,122327497714.14285,27826797113.588776
2024-10-28,126725942165,441307,0,0,0,0,0,3,0.1630136986301369,0,10,98215280621.0,132024709845.0,80220584055.0,147336827520.0,126878629773.57143,123836100798.42857,27349019147.765575
2024-10-29,107057326727,426511,1,0,0,0,0,2,0.1643835616438356,0,10,126725942165.0,105305054507.0,113256772171.0,104249172080.0,126121662962.14285,127157912092.0,27256018516.400234
2024-10-30,122440684317,510511,2,0,0,0,0,1,0.1657534246575342,0,10,107057326727.0,119252382741.0,142082587045.0,88025669185.0,126371987565.0,126715094560.28572,27040162610.03374
2024-10-31,140119058796,511045,3,0,0,1,1,0,0.1671232876712328,0,10,122440684317.0,109215283943.0,143242036950.0,70889825837.0,126827459218.71428,125312101508.28572,26926865627.872013
2024-11-01,147659189436,565749,4,0,0,0,0,14,0.1684931506849315,0,11,140119058796.0,174864703466.0,99802303396.0,106013191141.0,131242284197.71428,125089031640.14285,26078022993.39061
2024-11-02,157269646345,563043,5,1,0,0,0,13,0.1698630136986301,0,11,147659189436.0,149272993292.0,171389247941.0,117093391900.0,127355782193.42857,128507380643.0,19753669403.608643
2024-11-03,97642950090,429446,6,1,0,0,0,12,0.1712328767123287,0,11,157269646345.0,98215280621.0,95561471205.0,82467041341.0,128498161201.0,127498837671.85715,21395422590.681767
2024-11-04,110037042576,410497,0,0,1,0,0,11,0.1726027397260274,0,11,97642950090.0,126725942165.0,132024709845.0,134913988001.0,128416399696.57143,127647514735.07143,21531097854.342857
2024-11-05,116491656599,421743,1,0,0,0,0,10,0.173972602739726,0,11,110037042576.0,107057326727.0,105305054507.0,75347064604.0,126032271183.85715,126076967073.0,22644659742.137947
2024-11-06,85542880230,436680,2,0,0,0,0,9,0.1753424657534246,0,11,116491656599.0,122440684317.0,119252382741.0,116427515471.0,127380032594.14285,126876010079.57143,21582953430.913197
2024-11-07,110254147474,412288,3,0,0,0,0,8,0.1767123287671232,0,11,85542880230.0,140119058796.0,109215283943.0,143719681860.0,122108917724.57143,124468188471.64285,26852687219.860256
2024-11-08,106989942005,465689,4,0,0,0,0,7,0.1780821917808219,0,11,110254147474.0,147659189436.0,174864703466.0,102356041057.0,117842501821.42857,124542393009.57143,25868755701.4146
2024-11-09,99276929702,443485,5,1,0,0,0,6,0.1794520547945205,0,11,106989942005.0,157269646345.0,149272993292.0,135704202625.0,112032609331.28572,119694195762.35715,22389038866.790443
2024-11-10,99825665573,442193,6,1,0,0,0,5,0.1808219178082191,0,11,99276929702.0,97642950090.0,98215280621.0,77094837441.0,103747935525.14285,116123048363.07143,10356008503.741615
2024-11-11,93146140989,357352,0,0,1,0,0,4,0.1821917808219178,0,11,99825665573.0,110037042576.0,126725942165.0,80220584055.0,104059752022.71428,116238075859.64285,10172792311.639284
2024-11-12,99404667192,411922,1,0,0,0,0,3,0.1835616438356164,0,11,93146140989.0,116491656599.0,107057326727.0,113256772171.0,101646766081.71428,113839518632.78572,10516143271.743773
2024-11-13,118973781313,423234,2,0,0,0,0,2,0.184931506849315,0,11,99404667192.0,85542880230.0,122440684317.0,142082587045.0,99205767595.0,113292900094.57143,8230861979.435693
2024-11-14,96733907433,464935,3,0,0,0,0,1,0.1863013698630137,0,11,118973781313.0,110254147474.0,140119058796.0,143242036950.0,103981610606.85715,113045264165.71428,8669118308.072489
2024-11-15,137222115965,553077,4,0,0,1,0,0,0.1876712328767123,0,11,96733907433.0,106989942005.0,147659189436.0,99802303396.0,102050147743.85715,109946324782.64285,8543928784.472064
2024-11-16,163454287299,648358,5,1,0,0,0,14,0.1890410958904109,0,11,137222115965.0,99276929702.0,157269646345.0,171389247941.0,106369029738.14285,109200819534.71428,15916913980.037535
2024-11-17,120181359596,530769,6,1,0,0,0,13,0.1904109589041095,0,11,163454287299.0,99825665573.0,97642950090.0,95561471205.0,115537223680.57143,109642579602.85715,26268254575.28642
2024-11-18,126959263986,475307,0,0,0,0,0,12,0.1917808219178082,0,11,120181359596.0,93146140989.0,110037042576.0,132024709845.0,118445179969.57143,111252465996.14285,25349716179.78714
2024-11-19,45341773194,195648,1,0,0,0,0,11,0.1931506849315068,0,11,126959263986.0,99404667192.0,116491656599.0,105305054507.0,123275626112.0,112461196096.85715,22820913092.047024
2024-11-20,105302191681,378420,2,0,0,0,0,10,0.1945205479452054,0,11,45341773194.0,118973781313.0,85542880230.0,119252382741.0,115552355540.85715,107379061567.92857,36993433738.99199
2024-11-21,116505795236,465521,3,0,0,0,0,9,0.1958904109589041,0,11,105302191681.0,96733907433.0,110254147474.0,109215283943.0,113599271307.71428,108790440957.28572,37143287364.597755
2024-11-22,91288045404,452054,4,0,0,0,0,8,0.1972602739726027,0,11,116505795236.0,137222115965.0,106989942005.0,174864703466.0,116423826708.14285,109236987226.0,36391169642.609436
2024-11-23,102299128504,492450,5,1,0,0,0,7,0.1986301369863013,0,11,91288045404.0,163454287299.0,99276929702.0,149272993292.0,109861816628.0,108115423183.07143,36156424508.55633
2024-11-24,90959431474,399432,6,1,0,0,0,6,0.2,0,11,102299128504.0,120181359596.0,99825665573.0,98215280621.0,101125365371.57143,108331294526.07143,27369339520.1176
2024-11-25,114611740180,454804,0,0,0,0,0,5,0.2013698630136986,0,11,90959431474.0,126959263986.0,93146140989.0,126725942165.0,96950804211.28572,107697992090.42857,26181135207.6465
2024-11-26,137124802655,525836,1,0,0,0,0,4,0.2027397260273972,0,11,114611740180.0,45341773194.0,99404667192.0,107057326727.0,95186872239.0,109231249175.5,24160338897.27412
2024-11-27,122004392481,477405,2,0,0,0,0,3,0.2041095890410958,0,11,137124802655.0,105302191681.0,118973781313.0,122440684317.0,108298733590.57143,111925544565.71428,16192290376.587606
2024-11-28,115096421485,450448,3,0,0,0,0,2,0.2054794520547945,0,11,122004392481.0,116505795236.0,96733907433.0,140119058796.0,110684762276.28572,112142016792.0,16892579721.187222
2024-11-29,129570259182,444617,4,0,0,0,0,1,0.2068493150684931,0,11,115096421485.0,91288045404.0,137222115965.0,147659189436.0,110483423169.0,113453624938.57143,16819879349.660875
2024-11-30,112221427998,476076,5,1,0,1,1,0,0.2082191780821917,0,11,129570259182.0,102299128504.0,163454287299.0,157269646345.0,115952310851.57143,112907063739.78572,15726483512.835472
2024-12-01,102364847629,430983,6,1,0,0,0,14,0.2095890410958904,0,12,112221427998.0,90959431474.0,120181359596.0,97642950090.0,117369782207.85715,109247573789.71428,14704756744.03082
2024-12-02,131949529068,484111,0,0,0,0,0,13,0.210958904109589,0,12,102364847629.0,114611740180.0,126959263986.0,110037042576.0,118999127372.85715,107974965792.07143,11593369524.36026
2024-12-03,186983705809,564737,1,0,0,0,0,12,0.2123287671232876,0,12,131949529068.0,137124802655.0,45341773194.0,116491656599.0,121475954356.85715,108331413297.92857,12328546385.624771
2024-12-04,172740505218,483626,2,0,0,0,0,11,0.2136986301369863,0,12,186983705809.0,122004392481.0,105302191681.0,85542880230.0,128598654807.42857,118448694199.0,27698397520.411575
2024-12-05,144396278435,505072,3,0,0,0,0,10,0.2150684931506849,0,12,172740505218.0,115096421485.0,116505795236.0,110254147474.0,135846670912.71428,123265716594.5,31990857680.99639
2024-12-06,105523439065,475518,4,0,0,0,0,9,0.2164383561643835,0,12,144396278435.0,129570259182.0,91288045404.0,106989942005.0,140032364762.7143,125257893965.85715,30714742815.74965
2024-12-07,122333287618,466530,5,1,0,0,0,8,0.2178082191780821,0,12,105523439065.0,112221427998.0,102299128504.0,99276929702.0,136597104746.0,126274707798.78572,33314600846.518654
2024-12-08,78538172320,315229,6,1,1,0,0,7,0.2191780821917808,0,12,122333287618.0,102364847629.0,90959431474.0,99825665573.0,138041656120.2857,127705719164.07143,32284804317.213364
2024-12-09,128864844224,439537,0,0,0,0,0,6,0.2205479452054794,0,12,78538172320.0,131949529068.0,114611740180.0,93146140989.0,134637845361.85715,126818486367.35715,37506843742.83619
2024-12-10,177886167643,583617,1,0,0,0,0,5,0.2219178082191781,0,12,128864844224.0,186983705809.0,137124802655.0,99404667192.0,134197176098.42857,127836565227.64285,37561773869.0568
2024-12-11,139151300565,445025,2,0,0,0,0,4,0.2232876712328767,0,12,177886167643.0,172740505218.0,122004392481.0,118973781313.0,132897527789.0,130748091298.21428,35533570512.826645
2024-12-12,145827777885,501687,3,0,0,0,0,3,0.2246575342465753,0,12,139151300565.0,144396278435.0,115096421485.0,96733907433.0,128099069981.42857,131972870447.07143,31268403227.936207
2024-12-13,164443443536,459851,4,0,0,0,0,2,0.2260273972602739,0,12,145827777885.0,105523439065.0,129570259182.0,137222115965.0,128303569902.85715,134167967332.78572,31397169674.921375
2024-12-14,172609494098,569000,5,1,0,0,0,1,0.2273972602739726,0,12,164443443536.0,122333287618.0,112221427998.0,163454287299.0,136720713398.71428,136658909072.35715,32160823876.251236
2024-12-15,118256201601,475759,6,1,0,1,0,0,0.2287671232876712,0,12,172609494098.0,78538172320.0,102364847629.0,120181359596.0,143903028610.14285,140972342365.2143,33975036304.388615
2024-12-16,167505699099,503337,0,0,0,0,0,15,0.2301369863013698,0,12,118256201601.0,128864844224.0,131949529068.0,126959263986.0,149577032793.14285,142107439077.5,22677645324.68083
2024-12-17,128459679146,490576,1,0,0,0,0,14,0.2315068493150684,0,12,167505699099.0,177886167643.0,186983705809.0,45341773194.0,155097154918.14285,144647165508.2857,21466227999.234657
2024-12-18,148346307604,454622,2,0,0,0,0,13,0.2328767123287671,0,12,128459679146.0,139151300565.0,172740505218.0,105302191681.0,148036227990.0,140466877889.5,20840716790.44229
2024-12-19,149342024744,487779,3,0,0,0,0,12,0.2342465753424657,0,12,148346307604.0,145827777885.0,144396278435.0,116505795236.0,149349800424.14285,138724435202.7857,20473921478.626823
2024-12-20,150792351161,482569,4,0,0,0,0,11,0.2356164383561644,0,12,149342024744.0,164443443536.0,105523439065.0,91288045404.0,149851835689.7143,139077702796.2857,20416169678.78521
2024-12-21,184849437859,469547,5,1,0,0,0,10,0.236986301369863,0,12,150792351161.0,172609494098.0,122333287618.0,102299128504.0,147901679636.14285,142311196517.42856,19417636723.250088
2024-12-22,99168492789,385938,6,1,0,0,0,9,0.2383561643835616,0,12,184849437859.0,118256201601.0,78538172320.0,90959431474.0,149650243030.57144,146776635820.35715,22344000388.245407
2024-12-23,189722953516,482598,0,0,0,0,0,8,0.2397260273972602,0,12,99168492789.0,167505699099.0,128864844224.0,114611740180.0,146923427486.0,148250230139.57144,27405287595.55778
2024-12-24,176845093816,565333,1,0,0,0,0,7,0.2410958904109589,0,12,189722953516.0,128459679146.0,177886167643.0,137124802655.0,150097320974.14285,152597237946.14285,31208847713.68052
2024-12-25,65120544110,246320,2,0,1,0,0,6,0.2424657534246575,0,12,176845093816.0,148346307604.0,139151300565.0,122004392481.0,157009523069.85715,152522875529.92856,30975148902.323902
2024-12-26,142467022416,466399,3,0,0,0,0,5,0.2438356164383561,0,12,65120544110.0,149342024744.0,145827777885.0,115096421485.0,145120128285.0,147234964354.57144,46789935332.91947
2024-12-27,143958034759,518846,4,0,0,0,0,4,0.2452054794520548,0,12,142467022416.0,150792351161.0,164443443536.0,129570259182.0,144137985095.2857,146994910392.5,46758690128.28633
2024-12-28,178644362132,592914,5,1,0,0,0,3,0.2465753424657534,0,12,143958034759.0,184849437859.0,172609494098.0,112221427998.0,143161654180.7143,145531666908.42856,46667850916.66848
2024-12-29,130261133866,447057,6,1,0,0,0,2,0.247945205479452,0,12,178644362132.0,99168492789.0,118256201601.0,102364847629.0,142275214791.14285,145962728910.85715,45794797170.07777
2024-12-30,168865191742,501468,0,0,0,0,0,1,0.2493150684931507,0,12,130261133866.0,189722953516.0,167505699099.0,131949529068.0,146717020659.2857,146820224072.64285,42290704002.5846
2024-12-31,182601793260,612807,1,0,0,1,1,0,0.2506849315068493,0,12,168865191742.0,176845093816.0,128459679146.0,186983705809.0,143737340405.85715,146917330690.0,39390996498.24735
2025-01-01,67922376388,242245,2,0,1,0,0,14,0.2520547945205479,0,1,182601793260.0,65120544110.0,148346307604.0,172740505218.0,144559726040.7143,150784624555.2857,40248171311.68351
2025-01-02,141413760564,510517,3,0,0,0,0,13,0.2534246575342466,0,1,67922376388.0,142467022416.0,149342024744.0,144396278435.0,144959987794.7143,145040058039.85715,39329950490.004005
2025-01-03,141066883433,470375,4,0,0,0,0,12,0.2547945205479452,0,1,141413760564.0,143958034759.0,150792351161.0,105523439065.0,144809521815.85715,144473753455.57144,39343090042.16165
2025-01-04,122130985316,431869,5,1,0,0,0,11,0.2561643835616438,0,1,141066883433.0,178644362132.0,184849437859.0,122333287618.0,144396500197.85715,143779077189.2857,39368685966.24338
2025-01-05,91380064638,351672,6,1,0,0,0,10,0.2575342465753424,0,1,122130985316.0,130261133866.0,99168492789.0,78538172320.0,136323160652.71428,139299187721.92856,36891611590.053116
2025-01-06,78815876519,401576,0,0,1,0,0,9,0.2589041095890411,0,1,91380064638.0,168865191742.0,189722953516.0,128864844224.0,130768722191.57143,138742871425.42856,40688076137.37034
2025-01-07,130768528645,525833,1,0,0,0,0,8,0.2602739726027397,0,1,78815876519.0,182601793260.0,176845093816.0,177886167643.0,117904534302.57143,130820937354.21428,40870655955.77
2025-01-08,98847531449,439410,2,0,0,0,0,7,0.2616438356164383,0,1,130768528645.0,67922376388.0,65120544110.0,139151300565.0,110499782214.71428,127529754127.71428,30600647239.855885
2025-01-09,103430202708,418602,3,0,0,0,0,6,0.2630136986301369,0,1,98847531449.0,141413760564.0,142467022416.0,145827777885.0,114917661509.14285,129938824651.92857,25181717997.196484
2025-01-10,125617017192,526378,4,0,0,0,0,5,0.2643835616438356,0,1,103430202708.0,141066883433.0,143958034759.0,164443443536.0,109491438958.28572,127150480387.07143,22466733682.362152
2025-01-11,114664653308,439310,5,1,0,0,0,4,0.2657534246575342,0,1,125617017192.0,122130985316.0,178644362132.0,172609494098.0,107284315209.57143,125840407703.71428,19396952282.192947
2025-01-12,101639723848,370711,6,1,0,0,0,3,0.2671232876712329,0,1,114664653308.0,91380064638.0,130261133866.0,118256201601.0,106217696351.28572,121270428502.0,18634790910.65089
2025-01-13,115592670970,464784,0,0,0,0,0,2,0.2684931506849315,0,1,101639723848.0,78815876519.0,168865191742.0,167505699099.0,107683361952.71428,119226042072.14285,17650769017.700638
2025-01-14,119971752424,441371,1,0,0,0,0,1,0.2698630136986301,0,1,115592670970.0,130768528645.0,182601793260.0,128459679146.0,112937189731.42857,115420862017.0,12283487500.596113
2025-01-15,116292695179,475708,2,0,0,1,0,0,0.2712328767123287,0,1,119971752424.0,98847531449.0,67922376388.0,148346307604.0,111394793128.42857,110947287671.57143,10166775176.37931
2025-01-16,114184483450,463790,3,0,0,0,0,15,0.2726027397260274,0,1,116292695179.0,103430202708.0,141413760564.0,149342024744.0,113886959375.57143,114402310442.35715,8595147134.123644
2025-01-17,123742180931,481860,4,0,0,0,0,14,0.273972602739726,0,1,114184483450.0,125617017192.0,141066883433.0,150792351161.0,115423285195.85715,112457362077.07143,7274178154.39119
2025-01-18,155340858276,552639,5,1,0,0,0,13,0.2753424657534246,0,1,123742180931.0,114664653308.0,122130985316.0,184849437859.0,115155451444.28572,111219883326.92857,6858956635.23928
2025-01-19,104333513168,408614,6,1,0,0,0,12,0.2767123287671232,0,1,155340858276.0,101639723848.0,91380064638.0,99168492789.0,120966337868.28572,113592017109.78572,16635969809.101257
2025-01-20,142299757450,467266,0,0,0,0,0,11,0.2780821917808219,0,1,104333513168.0,115592670970.0,78815876519.0,189722953516.0,121351164914.0,114517263433.35715,16138097543.6569
2025-01-21,100917694845,375158,1,0,0,0,0,10,0.2794520547945205,0,1,142299757450.0,119971752424.0,130768528645.0,176845093816.0,125166462982.57143,119051826357.0,17637162164.2271
2025-01-22,121191924199,449384,2,0,0,0,0,9,0.2808219178082192,0,1,100917694845.0,116292695179.0,98847531449.0,65120544110.0,122444454757.0,116919623942.71428,19897945338.59079
2025-01-23,85278896536,404900,3,0,0,0,0,8,0.2821917808219178,0,1,121191924199.0,114184483450.0,103430202708.0,142467022416.0,123144344617.0,118515651996.28572,19730961871.998596
2025-01-24,106442254400,418556,4,0,0,0,0,7,0.2835616438356164,0,1,85278896536.0,123742180931.0,125617017192.0,143958034759.0,119014975057.85715,117219130126.85715,24392677637.34552
2025-01-25,135013278210,454128,5,1,0,0,0,6,0.284931506849315,0,1,106442254400.0,155340858276.0,114664653308.0,178644362132.0,116543556982.0,115849504213.14285,24708257095.387012
2025-01-26,97882065648,395201,6,1,0,0,0,5,0.2863013698630137,0,1,135013278210.0,104333513168.0,101639723848.0,130261133866.0,113639616972.57143,117302977420.42857,20165390126.173096
2025-01-27,125503906523,480606,0,0,0,0,0,4,0.2876712328767123,0,1,97882065648.0,142299757450.0,115592670970.0,168865191742.0,112717981612.57143,117034573263.28572,20799073405.691193
2025-01-28,117049724522,407268,1,0,0,0,0,3,0.2890410958904109,0,1,125503906523.0,100917694845.0,119971752424.0,182601793260.0,110318574337.28572,117742518659.92857,17529532482.938473
2025-01-29,121538782508,455001,2,0,0,0,0,2,0.2904109589041095,0,1,117049724522.0,121191924199.0,116292695179.0,67922376388.0,112623150005.42857,117533802381.21428,17143810442.507126
2025-01-30,128574024523,459191,3,0,0,0,0,1,0.2917808219178082,0,1,121538782508.0,85278896536.0,114184483450.0,141413760564.0,112672701192.42857,117908522904.71428,17173180851.894516
2025-01-31,136833636202,513716,4,0,0,1,1,0,0.2931506849315068,0,1,128574024523.0,106442254400.0,123742180931.0,141066883433.0,118857719476.28572,118936347267.07143,12936764377.402187
2025-02-01,163029374430,617353,5,1,0,0,0,14,0.2945205479452055,0,2,136833636202.0,135013278210.0,155340858276.0,122130985316.0,123199345448.0,119871451215.0,13173211655.0978
2025-02-02,117098843433,485887,6,1,0,0,0,13,0.2958904109589041,0,2,163029374430.0,97882065648.0,104333513168.0,91380064638.0,127201644908.0,120420630940.28572,19899474140.829758
2025-02-03,92750328020,544043,0,0,0,0,0,12,0.2972602739726027,0,2,117098843433.0,125503906523.0,142299757450.0,78815876519.0,129946898877.28572,121332440244.92857,16153474139.525934
2025-02-04,139927439811,498762,1,0,0,0,0,11,0.2986301369863013,0,2,92750328020.0,117049724522.0,100917694845.0,130768528645.0,125267816234.0,117793195285.64285,21510448478.43312
2025-02-05,68116834716,465169,2,0,0,0,0,10,0.3,0,2,139927439811.0,121538782508.0,121191924199.0,98847531449.0,128536061275.28572,120579605640.35715,21789882648.235405
2025-02-06,94616032984,472021,3,0,0,0,0,9,0.3013698630136986,0,2,68116834716.0,128574024523.0,85278896536.0,103430202708.0,120904354447.85715,116788527820.14285,31734876448.264503
2025-02-07,147995793793,528161,4,0,0,0,0,8,0.3027397260273972,0,2,94616032984.0,136833636202.0,106442254400.0,125617017192.0,116053212799.42857,117455466137.85715,32939670303.939503
2025-02-08,160884914173,550754,5,1,0,0,0,7,0.3041095890410959,0,2,147995793793.0,163029374430.0,135013278210.0,114664653308.0,117647806741.0,120423576094.5,34353152822.957073
2025-02-09,80714212468,404255,6,1,0,0,0,6,0.3054794520547945,0,2,160884914173.0,117098843433.0,97882065648.0,101639723848.0,117341455275.71428,122271550091.85715,33887407857.73211
2025-02-10,118539032951,492138,0,0,0,0,0,5,0.3068493150684931,0,2,80714212468.0,92750328020.0,125503906523.0,115592670970.0,112143650852.14285,121045274864.71428,36611733836.99741
2025-02-11,162331901625,518915,1,0,0,0,0,4,0.3082191780821918,0,2,118539032951.0,139927439811.0,117049724522.0,119971752424.0,115827751556.57143,120547783895.28572,35619063442.26108
2025-02-12,150362590460,611908,2,0,0,0,0,3,0.3095890410958904,0,2,162331901625.0,68116834716.0,121538782508.0,116292695179.0,119028388958.57143,123782225116.92857,38992389266.35904
2025-02-13,181843994873,566077,3,0,0,0,0,2,0.310958904109589,0,2,150362590460.0,94616032984.0,128574024523.0,114184483450.0,130777782636.28572,125841068542.07143,33030154379.435543
2025-02-14,127678156721,479712,4,0,0,0,0,1,0.3123287671232876,0,2,181843994873.0,147995793793.0,136833636202.0,123742180931.0,143238920049.0,129646066424.21428,33563553807.01114
2025-02-15,163352623039,562764,5,1,0,1,0,0,0.3136986301369863,0,2,127678156721.0,160884914173.0,163029374430.0,155340858276.0,140336400467.2857,128992103604.14285,33959804752.61605
2025-02-16,117183735021,422312,6,1,0,0,0,12,0.3150684931506849,0,2,163352623039.0,80714212468.0,117098843433.0,104333513168.0,140688930305.2857,129015192790.5,34220474324.505455
2025-02-17,124495942380,464655,0,0,0,0,0,11,0.3164383561643835,0,2,117183735021.0,118539032951.0,92750328020.0,142299757450.0,145898862098.57144,129021256475.35715,25138844042.04101
2025-02-18,124430486712,525679,1,0,0,0,0,10,0.3178082191780822,0,2,124495942380.0,162331901625.0,139927439811.0,100917694845.0,146749849159.85715,131288800358.21428,24139263822.19899
2025-02-19,143349509897,555943,2,0,0,0,0,9,0.3191780821917808,0,2,124430486712.0,150362590460.0,68116834716.0,121191924199.0,141335361315.14285,130181875136.85715,24311729603.81741
2025-02-20,114825659214,454891,3,0,0,0,0,8,0.3205479452054794,0,2,143349509897.0,181843994873.0,94616032984.0,85278896536.0,140333492663.2857,135555637649.78572,24020480569.997665
2025-02-21,109613304643,491609,4,0,0,0,0,7,0.3219178082191781,0,2,114825659214.0,127678156721.0,147995793793.0,106442254400.0,130759444712.0,136999182380.5,17067473623.049742
2025-02-22,118742618035,442006,5,1,0,0,0,6,0.3232876712328767,0,2,109613304643.0,163352623039.0,160884914173.0,135013278210.0,128178751558.0,134257576012.64285,18880488161.45724
2025-02-23,94584551637,446098,6,1,0,0,0,5,0.3246575342465753,0,2,118742618035.0,117183735021.0,80714212468.0,97882065648.0,121805893700.28572,131247412002.78572,10850369880.554976
2025-02-24,130952149557,446168,0,0,0,0,0,4,0.3260273972602739,0,2,94584551637.0,124495942380.0,118539032951.0,125503906523.0,118577438931.14285,132238150514.85715,15016989438.434006
2025-02-25,132430478293,489378,1,0,0,0,0,3,0.3273972602739726,0,2,130952149557.0,124430486712.0,162331901625.0,117049724522.0,119499754242.14285,133124801701.0,15626952955.462683
2025-02-26,117404067018,464380,2,0,0,0,0,2,0.3287671232876712,0,2,132430478293.0,143349509897.0,150362590460.0,121538782508.0,120642610182.28572,130988985748.71428,16324616462.69286
2025-02-27,121640129732,485259,3,0,0,0,0,1,0.3301369863013698,0,2,117404067018.0,114825659214.0,181843994873.0,128574024523.0,116936118342.42857,128634805502.85715,12894940291.864443
2025-02-28,121212596306,442053,4,0,0,1,1,0,0.3315068493150685,0,2,121640129732.0,109613304643.0,127678156721.0,136833636202.0,117909614130.71428,124334529421.35715,12966088705.133057
2025-03-01,149653844100,501967,5,1,0,0,0,14,0.3328767123287671,0,3,121212596306.0,118742618035.0,163352623039.0,163029374430.0,119566655796.85715,123872703677.42857,12460451893.940659
2025-03-02,115713659514,564030,6,1,0,0,0,13,0.3342465753424657,0,3,149653844100.0,94584551637.0,117183735021.0,117098843433.0,123982545234.71428,122894219467.5,16830708409.884874
2025-03-03,101526374609,438485,0,0,0,0,0,12,0.3356164383561644,0,3,115713659514.0,130952149557.0,124495942380.0,92750328020.0,127000989217.14285,122789214074.14285,11832102436.711346
2025-03-04,142327875670,465590,1,0,0,0,0,11,0.336986301369863,0,3,101526374609.0,132430478293.0,124430486712.0,139927439811.0,122797307081.71428,121148530661.92857,14997997673.962355
2025-03-05,147149060165,590625,2,0,0,0,0,10,0.3383561643835616,0,3,142327875670.0,117404067018.0,143349509897.0,68116834716.0,124211220992.71428,122426915587.5,16453422436.94218
2025-03-06,130995891716,620636,3,0,0,0,0,9,0.3397260273972602,0,3,147149060165.0,121640129732.0,114825659214.0,94616032984.0,128460505728.0,122698312035.21428,18155361167.15154
2025-03-07,133038307950,472240,4,0,0,0,0,8,0.3410958904109589,0,3,130995891716.0,121212596306.0,109613304643.0,147995793793.0,129797043154.28572,123853328642.5,17912328910.54176
2025-03-08,157116046529,535349,5,1,0,0,0,7,0.3424657534246575,0,3,133038307950.0,149653844100.0,118742618035.0,160884914173.0,131486430532.0,125526543164.42857,17521149238.361485
2025-03-09,89885262302,471593,6,1,0,0,0,6,0.3438356164383561,0,3,157116046529.0,115713659514.0,94584551637.0,80714212468.0,132552459450.42857,128267502342.57143,18977229340.343906
2025-03-10,156898870513,576142,0,0,0,0,0,5,0.3452054794520548,0,3,89885262302.0,101526374609.0,130952149557.0,118539032951.0,128862688420.14285,127931838818.64285,24503248281.361637
2025-03-11,139212369511,473190,1,0,0,0,0,4,0.3465753424657534,0,3,156898870513.0,142327875670.0,132430478293.0,162331901625.0,136773044977.85715,129785176029.78572,23105527208.511753
2025-03-12,136682962742,498268,2,0,0,0,0,3,0.347945205479452,0,3,139212369511.0,147149060165.0,117404067018.0,150362590460.0,136327972669.42857,130269596831.07143,23010504340.920662
2025-03-13,145012506476,529205,3,0,0,0,0,2,0.3493150684931507,0,3,136682962742.0,130995891716.0,121640129732.0,181843994873.0,134832815894.71428,131646660811.35715,22525102615.523445
2025-03-14,122837538223,551461,4,0,0,0,0,1,0.3506849315068493,0,3,145012506476.0,133038307950.0,121212596306.0,127678156721.0,136835189431.85715,133316116293.07143,22749062624.428177
2025-03-15,165042709202,570052,5,1,0,1,0,0,0.3520547945205479,0,3,122837538223.0,157116046529.0,149653844100.0,163352623039.0,135377936613.71428,133432183572.85715,23351559304.41828
2025-03-16,110598777208,490761,6,1,0,0,0,15,0.3534246575342465,0,3,165042709202.0,89885262302.0,115713659514.0,117183735021.0,136510316995.57143,134531388223.0,24732735542.21794
2025-03-17,109826454087,439190,0,0,0,0,0,14,0.3547945205479452,0,3,110598777208.0,156898870513.0,101526374609.0,124495942380.0,139469390553.57144,134166039486.85715,18737078210.24278
2025-03-18,152774099547,510870,1,0,0,0,0,13,0.3561643835616438,0,3,109826454087.0,139212369511.0,142327875670.0,124430486712.0,132744759635.57143,134758902306.71428,19852963183.3737
2025-03-19,154782436579,499930,2,0,0,0,0,12,0.3575342465753424,0,3,152774099547.0,136682962742.0,147149060165.0,143349509897.0,134682149640.71428,135505061155.07143,21204995490.547977
2025-03-20,157375275183,507608,3,0,0,0,0,11,0.3589041095890411,0,3,154782436579.0,145012506476.0,130995891716.0,114825659214.0,137267788760.28572,136050302327.5,22550427109.27184
2025-03-21,157447448495,506838,4,0,0,0,0,10,0.3602739726027397,0,3,157375275183.0,122837538223.0,133038307950.0,109613304643.0,139033898575.57144,137934544003.7143,23712257475.299896
2025-03-22,160544192696,583320,5,1,0,0,0,9,0.3616438356164383,0,3,157447448495.0,165042709202.0,157116046529.0,118742618035.0,143978171471.57144,139678054042.64285,23378205014.227783
2025-03-23,123171880270,504524,6,1,0,0,0,8,0.363013698630137,0,3,160544192696.0,110598777208.0,89885262302.0,94584551637.0,143335526256.42856,139922921626.0,22756208593.946903
2025-03-24,118664044002,408728,0,0,1,0,0,7,0.3643835616438356,0,3,123171880270.0,109826454087.0,156898870513.0,130952149557.0,145131683836.7143,142300537195.14285,20080524496.225353
2025-03-25,148965430634,541437,1,0,0,0,0,6,0.3657534246575342,0,3,118664044002.0,152774099547.0,139212369511.0,132430478293.0,146394196681.7143,139569478158.64285,17617623393.5159
2025-03-26,138389119304,517383,2,0,0,0,0,5,0.3671232876712328,0,3,148965430634.0,154782436579.0,136682962742.0,117404067018.0,145850101122.7143,140266125381.7143,17445724059.87684
2025-03-27,140338527357,499852,3,0,0,0,0,4,0.3684931506849315,0,3,138389119304.0,157375275183.0,145012506476.0,121640129732.0,143508198654.85715,140387993707.57144,17144522014.592463
2025-03-28,133810035842,501495,4,0,0,0,0,3,0.3698630136986301,0,3,140338527357.0,157447448495.0,122837538223.0,121212596306.0,141074377536.85715,140054138056.2143,16020270590.261599
2025-03-29,147467750437,578556,5,1,0,0,0,2,0.3712328767123287,0,3,133810035842.0,160544192696.0,165042709202.0,149653844100.0,137697604300.7143,140837887886.14285,14403526442.92449
2025-03-30,111956507755,502225,6,1,0,0,0,1,0.3726027397260274,0,3,147467750437.0,123171880270.0,110598777208.0,115713659514.0,135829541120.85715,139582533688.64285,11502398140.281876
2025-03-31,193175982009,674182,0,0,0,1,1,0,0.373972602739726,0,3,111956507755.0,118664044002.0,109826454087.0,101526374609.0,134227345047.28572,139679514442.0,14056831648.289936
2025-04-01,171835085849,632422,1,0,0,0,0,14,0.3753424657534246,0,4,193175982009.0,148965430634.0,152774099547.0,142327875670.0,144871907619.7143,145633052150.7143,24580295528.598896
2025-04-02,152924221871,557044,2,0,0,0,0,13,0.3767123287671233,0,4,171835085849.0,138389119304.0,154782436579.0,147149060165.0,148139001221.85715,146994551172.2857,26647965259.90666
2025-04-03,129389018278,467984,3,0,0,0,0,12,0.3780821917808219,0,4,152924221871.0,140338527357.0,157375275183.0,130995891716.0,150215444445.7143,146861821550.2857,26325973039.866478
2025-04-04,124715506509,485182,4,0,0,0,0,11,0.3794520547945205,0,4,129389018278.0,133810035842.0,157447448495.0,133038307950.0,148651228863.0,144862803199.92856,27317272563.929634
2025-04-05,191072320582,626132,5,1,0,0,0,10,0.3808219178082191,0,4,124715506509.0,147467750437.0,160544192696.0,157116046529.0,147352010386.85715,142524807343.7857,28337967157.6611
2025-04-06,117497392165,478335,6,1,0,0,0,9,0.3821917808219178,0,4,191072320582.0,111956507755.0,123171880270.0,89885262302.0,153581234693.2857,144705387907.07144,32807701777.056805
2025-04-07,120679128362,531210,0,0,0,0,0,8,0.3835616438356164,0,4,117497392165.0,193175982009.0,118664044002.0,156898870513.0,154372789609.0,144300067328.14285,31683622635.837456
2025-04-08,142682831319,447111,1,0,0,0,0,7,0.384931506849315,0,4,120679128362.0,171835085849.0,148965430634.0,139212369511.0,144016096230.85715,144444001925.2857,28582800899.827282
2025-04-09,139995734718,563817,2,0,0,0,0,6,0.3863013698630137,0,4,142682831319.0,152924221871.0,138389119304.0,136682962742.0,139851488440.85715,143995244831.35715,25846768815.831223
2025-04-10,108001823662,525810,3,0,0,0,0,5,0.3876712328767123,0,4,139995734718.0,129389018278.0,140338527357.0,145012506476.0,138004561704.7143,144110003075.2143,25211040003.625042
2025-04-11,115020055549,487845,4,0,0,0,0,4,0.3890410958904109,0,4,108001823662.0,124715506509.0,133810035842.0,122837538223.0,134949248188.14285,141800238525.57144,27610901666.783176
2025-04-12,133850426106,544374,5,1,0,0,0,3,0.3904109589041096,0,4,115020055549.0,191072320582.0,147467750437.0,165042709202.0,133564183765.28572,140458097076.07144,28440539643.910324
2025-04-13,113878051921,480906,6,1,0,0,0,2,0.3917808219178082,0,4,133850426106.0,117497392165.0,111956507755.0,110598777208.0,125389627411.57143,139485431052.42856,13405958282.969698
2025-04-14,132866777416,514316,0,0,0,0,0,1,0.3931506849315068,0,4,113878051921.0,120679128362.0,193175982009.0,109826454087.0,124872578805.28572,139622684207.14285,13824350033.952229
2025-04-15,143883439604,550324,1,0,0,1,0,0,0.3945205479452054,0,4,132866777416.0,142682831319.0,171835085849.0,152774099547.0,126613671527.28572,135314883879.07143,13974848126.23768
2025-04-16,159109126345,559722,2,0,0,0,0,14,0.3958904109589041,0,4,143883439604.0,139995734718.0,152924221871.0,154782436579.0,126785186996.57143,133318337718.71428,14210321079.101131
2025-04-17,106081823964,397045,3,0,1,0,0,13,0.3972602739726027,0,4,159109126345.0,108001823662.0,129389018278.0,157375275183.0,129515671514.71428,133760116609.71428,18392611809.278645
2025-04-18,123835572496,441889,4,0,1,0,0,12,0.3986301369863013,0,4,106081823964.0,115020055549.0,124715506509.0,157447448495.0,129241385843.57143,132095317015.85715,18777211135.644882
2025-04-19,190569110308,647193,5,1,0,0,0,11,0.4,0,4,123835572496.0,133850426106.0,191072320582.0,160544192696.0,130500745407.42857,132032464586.35715,17941463268.17415
2025-04-20,91922043908,363154,6,1,0,0,0,10,0.4013698630136986,0,4,190569110308.0,113878051921.0,117497392165.0,123171880270.0,138603414579.14285,131996520995.35715,29065420440.566856
2025-04-21,100656953307,503637,0,0,0,0,0,9,0.4027397260273972,0,4,91922043908.0,132866777416.0,120679128362.0,118664044002.0,135466842005.85715,130169710405.57143,33085072638.39959
2025-04-22,142099764370,544530,1,0,0,0,0,8,0.4041095890410959,0,4,100656953307.0,143883439604.0,142682831319.0,148965430634.0,130865438561.71428,128739555044.5,35647556738.84273
2025-04-23,105645377410,539910,2,0,0,0,0,7,0.4054794520547945,0,4,142099764370.0,159109126345.0,139995734718.0,138389119304.0,130610627814.0,128697907405.28572,35545222450.431076
2025-04-24,127412861477,493420,3,0,0,0,0,6,0.4068493150684931,0,4,105645377410.0,106081823964.0,108001823662.0,140338527357.0,122972949394.71428,126244310454.71428,34116314333.130592
2025-04-25,124639376313,461158,4,0,0,0,0,5,0.4082191780821917,0,4,127412861477.0,123835572496.0,115020055549.0,133810035842.0,126020240468.0,127630813155.78572,33298994586.540813
2025-04-26,187123469065,591489,5,1,0,0,0,4,0.4095890410958904,0,4,124639376313.0,190569110308.0,133850426106.0,147467750437.0,126135069584.71428,128317907496.07143,33291590415.677074
2025-04-27,147946428667,548543,6,1,0,0,0,3,0.410958904109589,0,4,187123469065.0,91922043908.0,113878051921.0,111956507755.0,125642835121.42857,132123124850.28572,32187272739.133396
2025-04-28,122391275995,445912,0,0,0,0,0,2,0.4123287671232877,0,4,147946428667.0,100656953307.0,132866777416.0,193175982009.0,133646318658.42857,134556580332.14285,29234943253.45772
2025-04-29,149198465503,580742,1,0,0,0,0,1,0.4136986301369863,0,4,122391275995.0,142099764370.0,143883439604.0,171835085849.0,136751221899.57143,133808330230.64285,26137413262.425514
2025-04-30,157070863305,559225,2,0,0,1,1,0,0.4150684931506849,0,4,149198465503.0,105645377410.0,159109126345.0,152924221871.0,137765322061.42856,134187974937.71428,26514506737.199757
2025-05-01,106540310862,441707,3,0,1,0,0,14,0.4164383561643835,0,5,157070863305.0,127412861477.0,106081823964.0,129389018278.0,145111820046.42856,134042384720.57143,23026543577.985546
2025-05-02,144643885173,534127,4,0,0,0,0,13,0.4178082191780822,0,5,106540310862.0,124639376313.0,123835572496.0,124715506509.0,142130027101.42856,134075133784.71428,26750703470.64837
2025-05-03,181718142175,577158,5,1,0,0,0,12,0.4191780821917808,0,5,144643885173.0,187123469065.0,190569110308.0,191072320582.0,144987814081.42856,135561441833.07143,25615193438.944252
2025-05-04,121169052141,549245,6,1,0,0,0,11,0.4205479452054794,0,5,181718142175.0,147946428667.0,91922043908.0,117497392165.0,144215624525.7143,134929229823.57143,24174223370.787426
2025-05-05,165974267677,563922,0,0,0,0,0,10,0.421917808219178,0,5,121169052141.0,122391275995.0,100656953307.0,120679128362.0,140390285022.0,137018301840.21428,25564139911.20131
2025-05-06,190960291268,645130,1,0,0,0,0,9,0.4232876712328767,0,5,165974267677.0,149198465503.0,142099764370.0,142682831319.0,146616426690.85715,141683824295.2143,25756466690.811867
2025-05-07,142547388298,605610,2,0,0,0,0,8,0.4246575342465753,0,5,190960291268.0,157070863305.0,105645377410.0,139995734718.0,152582401800.14285,145173861930.7857,30797550894.364037
2025-05-08,159172069942,552563,3,0,0,0,0,7,0.426027397260274,0,5,142547388298.0,106540310862.0,127412861477.0,108001823662.0,150507619656.2857,147809719851.35715,30933684469.743732
2025-05-09,194010247906,659865,4,0,0,0,0,6,0.4273972602739726,0,5,159172069942.0,144643885173.0,124639376313.0,115020055549.0,158026442382.0,150078234741.7143,24109391666.31438
2025-05-10,177492346910,621853,5,1,0,0,0,5,0.4287671232876712,0,5,194010247906.0,181718142175.0,187123469065.0,133850426106.0,165078779915.2857,155033296998.35715,26630714625.758877
2025-05-11,114273383449,531149,6,1,0,0,0,4,0.4301369863013699,0,5,177492346910.0,121169052141.0,147946428667.0,113878051921.0,164475094877.42856,154345359701.57144,26235621422.725296
2025-05-12,126394501799,524281,0,0,0,0,0,3,0.4315068493150685,0,5,114273383449.0,165974267677.0,122391275995.0,132866777416.0,163489999350.0,151940142186.0,28189396910.558697
2025-05-13,144769805668,564427,1,0,0,0,0,2,0.4328767123287671,0,5,126394501799.0,190960291268.0,149198465503.0,143883439604.0,157835747081.7143,152226086886.2857,31395230416.75789
2025-05-14,146311901843,515928,2,0,0,0,0,1,0.4342465753424657,0,5,144769805668.0,142547388298.0,157070863305.0,159109126345.0,151237106281.7143,151909754040.92856,27936391833.811127
2025-05-15,141080368215,616878,3,0,0,1,0,0,0.4356164383561643,0,5,146311901843.0,159172069942.0,106540310862.0,106081823964.0,151774893931.0,151141256793.64285,27777010468.460983
2025-05-16,158299983934,553564,4,0,0,0,0,15,0.436986301369863,0,5,141080368215.0,194010247906.0,144643885173.0,123835572496.0,149190365112.85715,153608403747.42856,27815673058.7264
2025-05-17,154710034299,643726,5,1,0,0,0,14,0.4383561643835616,0,5,158299983934.0,177492346910.0,181718142175.0,190569110308.0,144088898831.14285,154583839373.2143,20551798624.333485
2025-05-18,113001396992,488401,6,1,0,0,0,13,0.4397260273972603,0,5,154710034299.0,114273383449.0,121169052141.0,91922043908.0,140834282743.85715,152654688810.64285,15583800638.864672
2025-05-19,163271061023,598589,0,0,0,0,0,12,0.4410958904109589,0,5,113001396992.0,126394501799.0,165974267677.0,100656953307.0,140652570392.85715,152071284871.42856,15948281393.23128
2025-05-20,213875029996,602151,1,0,0,0,0,11,0.4424657534246575,1,5,163271061023.0,144769805668.0,190960291268.0,142099764370.0,145920650282.0,151878198681.85715,16533405651.972713
2025-05-21,143367806063,644070,2,0,0,0,0,10,0.4438356164383562,0,5,213875029996.0,146311901843.0,142547388298.0,105645377410.0,155792825186.0,153514965733.85715,30480527752.317646
2025-05-22,174295087388,572526,3,0,0,0,0,9,0.4452054794520548,0,5,143367806063.0,141080368215.0,159172069942.0,127412861477.0,155372240074.57144,153573567002.7857,30652978056.186275
2025-05-23,137081962346,494845,4,0,0,0,0,8,0.4465753424657534,0,5,174295087388.0,158299983934.0,194010247906.0,124639376313.0,160117199956.42856,154653782534.64285,30642683796.495647
2025-05-24,178364144916,600920,5,1,0,0,0,7,0.447945205479452,0,5,137081962346.0,154710034299.0,177492346910.0,187123469065.0,157086054015.2857,150587476423.2143,31876975492.229733
2025-05-25,107660056034,446863,6,1,0,0,0,6,0.4493150684931506,0,5,178364144916.0,113001396992.0,114273383449.0,147946428667.0,160465212674.85715,150649747709.35715,32822832726.50882
2025-05-26,147405639468,518979,0,0,0,0,0,5,0.4506849315068493,0,5,107660056034.0,163271061023.0,126394501799.0,122391275995.0,159702163966.57144,150177367179.7143,34145583302.78598
2025-05-27,173897147992,644138,1,0,0,0,0,4,0.4520547945205479,0,5,147405639468.0,213875029996.0,144769805668.0,149198465503.0,157435675173.0,151678162727.5,34394849040.008575
2025-05-28,184387815515,587796,2,0,0,0,0,3,0.4534246575342466,0,5,173897147992.0,143367806063.0,146311901843.0,157070863305.0,151724549172.42856,153758687179.2143,25675196968.03137
2025-05-29,123769604580,505304,3,0,0,0,0,2,0.4547945205479452,0,5,184387815515.0,174295087388.0,141080368215.0,106540310862.0,157584550522.7143,156478395298.64285,28023712988.80812
2025-05-30,177291803036,572675,4,0,0,0,0,1,0.4561643835616438,0,5,123769604580.0,137081962346.0,158299983934.0,144643885173.0,150366624407.2857,155241912181.85715,29471710342.30025
2025-05-31,177920242027,680645,5,1,0,1,1,0,0.4575342465753425,0,5,177291803036.0,178364144916.0,154710034299.0,181718142175.0,156110887363.0,156598470689.14285,30356211233.665577
2025-06-01,111580913114,458635,6,1,0,0,0,14,0.4589041095890411,0,6,177920242027.0,107660056034.0,113001396992.0,121169052141.0,156047472664.57144,158256342669.7143,30302391797.64994
2025-06-02,101202299408,417530,0,0,1,0,0,13,0.4602739726027397,0,6,111580913114.0,147405639468.0,163271061023.0,165974267677.0,156607595104.57144,158154879535.57144,29277825403.07928
2025-06-03,171012855444,571510,1,0,0,0,0,12,0.4616438356164383,0,6,101202299408.0,173897147992.0,213875029996.0,190960291268.0,150007117953.14285,153721396563.07144,36109216448.85268
2025-06-04,194529133421,601668,2,0,0,0,0,11,0.4630136986301369,0,6,171012855444.0,184387815515.0,143367806063.0,142547388298.0,149595076160.57144,150659812666.5,35806359068.62095
2025-06-05,147682314885,557614,3,0,0,0,0,10,0.4643835616438356,0,6,194529133421.0,123769604580.0,174295087388.0,159172069942.0,151043835861.42856,154314193192.07144,37608541928.460335
2025-06-06,123514889260,449917,4,0,0,0,0,9,0.4657534246575342,0,6,147682314885.0,177291803036.0,137081962346.0,194010247906.0,154459937333.57144,152413280870.42856,35758780838.4524
2025-06-07,154516472228,610323,5,1,0,0,0,8,0.4671232876712329,0,6,123514889260.0,177920242027.0,178364144916.0,177492346910.0,146777521079.85715,151444204221.42856,35812725193.40348
2025-06-08,117837536785,493680,6,1,0,0,0,7,0.4684931506849315,0,6,154516472228.0,111580913114.0,107660056034.0,114273383449.0,143434125394.2857,149740799029.42856,33434218869.742504
2025-06-09,124843418441,553995,0,0,0,0,0,6,0.4698630136986301,0,6,117837536785.0,101202299408.0,147405639468.0,126394501799.0,144327928775.85715,150467761940.2143,32511659377.94415
2025-06-10,161133313762,636761,1,0,0,0,0,5,0.4712328767123288,0,6,124843418441.0,171012855444.0,173897147992.0,144769805668.0,147705231494.85715,148856174724.0,28231279909.790943
2025-06-11,125806639899,443798,2,0,0,0,0,4,0.4726027397260274,0,6,161133313762.0,194529133421.0,184387815515.0,146311901843.0,146293868397.42856,147944472279.0,27095988112.445766
2025-06-12,155226899076,500526,3,0,0,0,0,3,0.473972602739726,0,6,125806639899.0,147682314885.0,123769604580.0,141080368215.0,136476369322.85715,143760102592.14285,17433483844.970173
2025-06-13,224776239138,596943,4,0,0,0,0,2,0.4753424657534246,1,6,155226899076.0,123514889260.0,177291803036.0,158299983934.0,137554167064.42856,146007052199.0,18445576561.498623
2025-06-14,138641140862,509491,5,1,0,0,0,1,0.4767123287671233,0,6,224776239138.0,154516472228.0,177920242027.0,154710034299.0,152020074189.85715,149398797634.85715,36485583958.88092
2025-06-15,169731726335,588995,6,1,0,1,0,0,0.4780821917808219,0,6,138641140862.0,117837536785.0,111580913114.0,113001396992.0,149752169709.0,146593147551.64285,36796619273.17432
2025-06-16,171157754160,595951,0,0,0,0,0,14,0.4794520547945205,0,6,169731726335.0,124843418441.0,101202299408.0,163271061023.0,157165625359.0,150746777067.42856,34447715829.41772
2025-06-17,167189801325,598255,1,0,0,0,0,13,0.4808219178082192,0,6,171157754160.0,161133313762.0,171012855444.0,213875029996.0,163781959033.14285,155743595264.0,31529071940.317944
2025-06-18,150315486728,516995,2,0,0,0,0,12,0.4821917808219178,0,6,167189801325.0,125806639899.0,194529133421.0,143367806063.0,164647171542.14285,155470519969.7857,31527374832.622772
2025-06-19,153280529171,567368,3,0,0,0,0,11,0.4835616438356164,0,6,150315486728.0,155226899076.0,147682314885.0,174295087388.0,168148435374.85715,152312402348.85715,27612951476.092407
2025-06-20,177563380320,621305,4,0,0,0,0,10,0.4849315068493151,0,6,153280529171.0,224776239138.0,123514889260.0,137081962346.0,167870382531.2857,152712274797.85715,27774082271.677578
2025-06-21,169101733844,606501,5,1,0,0,0,9,0.4863013698630137,0,6,177563380320.0,138641140862.0,154516472228.0,178364144916.0,161125688414.42856,156572881302.14285,13938192584.178102
2025-06-22,102627822883,500848,6,1,0,0,0,8,0.4876712328767123,0,6,169101733844.0,169731726335.0,117837536785.0,107660056034.0,165477201697.57144,157614685703.2857,9925992999.572714
2025-06-23,99662368593,437676,0,0,1,0,0,7,0.4890410958904109,0,6,102627822883.0,171157754160.0,124843418441.0,147405639468.0,155890929775.85715,156528277567.42856,25429048986.520317
2025-06-24,157617079006,512706,1,0,0,0,0,6,0.4904109589041096,0,6,99662368593.0,167189801325.0,161133313762.0,173897147992.0,145677303266.2857,154729631149.7143,31828098683.21813
2025-06-25,143928205419,537764,2,0,0,0,0,5,0.4917808219178082,0,6,157617079006.0,150315486728.0,125806639899.0,184387815515.0,144309771506.42856,154478471524.2857,30943084485.662247
2025-06-26,130023286110,521393,3,0,0,0,0,4,0.4931506849315068,0,6,143928205419.0,153280529171.0,155226899076.0,123769604580.0,143397302748.0,155772869061.42856,30830438551.40483
2025-06-27,165813550025,586358,4,0,0,0,0,3,0.4945205479452055,0,6,130023286110.0,177563380320.0,224776239138.0,177291803036.0,140074839453.57144,153972610992.42856,30841018324.4575
2025-06-28,208271453390,647505,5,1,0,0,0,2,0.4958904109589041,0,6,165813550025.0,169101733844.0,138641140862.0,177920242027.0,138396292268.57144,149760990341.5,28706498534.76017
2025-06-29,111803890587,443771,6,1,0,0,0,1,0.4972602739726027,0,6,208271453390.0,102627822883.0,169731726335.0,111580913114.0,143991966489.42856,154734584093.5,38001998540.11826
2025-06-30,118751928050,460495,0,0,1,1,1,0,0.4986301369863014,0,6,111803890587.0,99662368593.0,171157754160.0,101202299408.0,145302833304.2857,150596881540.07144,36464509251.28456
2025-07-01,212466040317,668135,1,0,0,0,0,14,0.5,0,7,118751928050.0,157617079006.0,167189801325.0,171012855444.0,148029913226.7143,146853608246.5,33034836173.49733
2025-07-02,171039890877,534157,2,0,0,0,0,13,0.5013698630136987,0,7,212466040317.0,143928205419.0,150315486728.0,194529133421.0,155865479128.2857,150087625317.35715,41186831394.24885
2025-07-03,136794914054,494424,3,0,0,0,0,12,0.5027397260273972,0,7,171039890877.0,130023286110.0,153280529171.0,147682314885.0,159738577050.85715,151567939899.42856,41151930974.28521
2025-07-04,178828258741,582891,4,0,0,0,0,11,0.5041095890410959,0,7,136794914054.0,165813550025.0,177563380320.0,123514889260.0,160705952471.42856,150390395962.5,40409881190.65536
2025-07-05,211811281488,645587,5,1,0,0,0,10,0.5054794520547945,0,7,178828258741.0,208271453390.0,169101733844.0,154516472228.0,162565196573.7143,150480744421.14285,40979433659.6481
2025-07-06,135045068466,495914,6,1,0,0,0,9,0.5068493150684932,0,7,211811281488.0,111803890587.0,102627822883.0,117837536785.0,163070886302.0,153531426395.7143,41653748952.75077
2025-07-07,176506367428,603962,0,0,0,0,0,8,0.5082191780821917,0,7,135045068466.0,118751928050.0,99662368593.0,124843418441.0,166391054570.42856,155846943937.35715,37616897367.47919
2025-07-08,179960588414,604754,1,0,0,0,0,7,0.5095890410958904,0,7,176506367428.0,212466040317.0,157617079006.0,161133313762.0,174641688767.2857,161335800997.0,31215669759.907097
2025-07-09,169609583859,592154,2,0,0,0,0,6,0.510958904109589,0,7,179960588414.0,171039890877.0,143928205419.0,125806639899.0,169998052781.14285,162931765954.7143,26749373414.625114
2025-07-10,127326291689,560564,3,0,0,0,0,5,0.5123287671232877,0,7,169609583859.0,136794914054.0,130023286110.0,155226899076.0,169793723207.14285,164766150129.0,26745551330.742004
2025-07-11,206517293130,692394,4,0,0,0,0,4,0.5136986301369864,0,7,127326291689.0,178828258741.0,165813550025.0,224776239138.0,168441062869.2857,164573507670.35715,28849322927.37405
2025-07-12,141018072174,588912,5,1,0,0,0,3,0.5150684931506849,0,7,206517293130.0,211811281488.0,208271453390.0,138641140862.0,172396639210.57144,167480917892.14285,32213040795.240192
2025-07-13,88228607620,406075,6,1,0,0,0,2,0.5164383561643836,0,7,141018072174.0,135045068466.0,111803890587.0,169731726335.0,162283323594.2857,162677104948.14285,28697347025.417877
2025-07-14,194619332476,617327,0,0,0,0,0,1,0.5178082191780822,0,7,88228607620.0,176506367428.0,118751928050.0,171157754160.0,155595257759.14285,160993156164.7857,39518546702.94208
2025-07-15,174678532882,570631,1,0,0,1,0,0,0.5191780821917809,0,7,194619332476.0,179960588414.0,212466040317.0,167189801325.0,158182824194.57144,166412256480.92856,41651387733.17416
2025-07-16,191024226931,600258,2,0,0,0,0,15,0.5205479452054794,0,7,174678532882.0,169609583859.0,171039890877.0,150315486728.0,157428244832.85715,163713148807.0,41236877228.21017
2025-07-17,151278408209,596866,3,0,0,0,0,14,0.5219178082191781,0,7,191024226931.0,127326291689.0,136794914054.0,153280529171.0,160487479557.42856,165140601382.2857,43045853137.818054
2025-07-18,116335719733,489916,4,0,0,0,0,13,0.5232876712328767,0,7,151278408209.0,206517293130.0,178828258741.0,177563380320.0,163909210488.85715,166175136679.07144,40867382573.516914
2025-07-19,148097891259,532403,5,1,0,0,0,12,0.5246575342465754,0,7,116335719733.0,141018072174.0,211811281488.0,169101733844.0,151026128575.0,161711383892.7857,39384492442.267784
2025-07-20,82595388683,339208,6,1,1,0,0,11,0.5260273972602739,0,7,148097891259.0,88228607620.0,135045068466.0,102627822883.0,152037531301.42856,157160427447.85715,39174996920.0984
2025-07-21,138060456377,500886,0,0,0,0,0,10,0.5273972602739726,0,7,82595388683.0,194619332476.0,176506367428.0,99662368593.0,151232785739.0,153414021749.07144,40731194892.55619
2025-07-22,184676242627,583674,1,0,0,0,0,9,0.5287671232876713,0,7,138060456377.0,174678532882.0,179960588414.0,157617079006.0,143152946296.2857,150667885245.42856,36028490137.13827
2025-07-23,149140896930,576419,2,0,0,0,0,8,0.5301369863013699,0,7,184676242627.0,191024226931.0,169609583859.0,143928205419.0,144581190545.57144,151004717689.2143,37648273458.678986
2025-07-24,149658504178,547213,3,0,0,0,0,7,0.5315068493150685,0,7,149140896930.0,151278408209.0,127326291689.0,130023286110.0,138597857688.2857,149542668622.85715,31931145598.937504
2025-07-25,121548062625,499679,4,0,0,0,0,6,0.5328767123287671,0,7,149658504178.0,116335719733.0,206517293130.0,165813550025.0,138366442826.7143,151137826657.7857,31829637721.674393
2025-07-26,143707669147,475247,5,1,0,0,0,5,0.5342465753424658,0,7,121548062625.0,148097891259.0,141018072174.0,208271453390.0,139111063239.85715,145068595907.42856,31284658009.47284
2025-07-27,119985011103,497828,6,1,0,0,0,4,0.5356164383561643,0,7,143707669147.0,82595388683.0,88228607620.0,111803890587.0,138483888652.42856,145260709976.92856,31118031302.596237
2025-07-28,128548510043,516536,0,0,0,0,0,3,0.536986301369863,0,7,119985011103.0,138060456377.0,194619332476.0,118751928050.0,143825263283.85715,147529024511.42856,21713909881.22283
2025-07-29,158479185975,584672,1,0,0,0,0,2,0.5383561643835616,0,7,128548510043.0,184676242627.0,174678532882.0,212466040317.0,142466413807.57144,142809680051.92856,22420913531.76568
2025-07-30,168978229341,637895,2,0,0,0,0,1,0.5397260273972603,0,7,158479185975.0,149140896930.0,191024226931.0,171039890877.0,138723977143.0,141652583844.2857,15236374130.107746
2025-07-31,153964890961,605449,3,0,0,1,1,0,0.541095890410959,0,7,168978229341.0,149658504178.0,151278408209.0,136794914054.0,141557881773.14285,140077869730.7143,18900939261.660492
2025-08-01,215260842188,642213,4,0,0,0,0,14,0.5424657534246575,1,8,153964890961.0,121548062625.0,116335719733.0,178828258741.0,142173079885.0,140269761355.85715,19274929928.37044
2025-08-02,180829633376,636862,5,1,0,0,0,13,0.5438356164383562,0,8,215260842188.0,143707669147.0,148097891259.0,211811281488.0,155560619822.57144,147335841531.2143,31334176295.98063
2025-08-03,121581177469,519039,6,1,0,0,0,12,0.5452054794520548,0,8,180829633376.0,119985011103.0,82595388683.0,135045068466.0,160863757569.57144,149673823111.0,32125149393.649494
2025-08-04,103553050405,505229,0,0,0,0,0,11,0.5465753424657535,0,8,121581177469.0,128548510043.0,138060456377.0,176506367428.0,161091781336.14285,152458522310.0,31790555631.608906
2025-08-05,137769181751,552383,1,0,0,0,0,10,0.547945205479452,0,8,103553050405.0,158479185975.0,184676242627.0,179960588414.0,157521001387.85715,149993707597.7143,37027522036.165504
2025-08-06,147190239310,560198,2,0,0,0,0,9,0.5493150684931507,0,8,137769181751.0,168978229341.0,149140896930.0,169609583859.0,154562429355.85715,146643203249.42856,37758373355.713
2025-08-07,110805028284,458693,3,0,1,0,0,8,0.5506849315068493,0,8,147190239310.0,153964890961.0,149658504178.0,127326291689.0,151449859351.42856,146503870562.2857,37266798904.31924
2025-08-08,178226215761,552182,4,0,0,0,0,7,0.552054794520548,0,8,110805028284.0,215260842188.0,121548062625.0,206517293130.0,145284164683.2857,143728622284.14285,40233593295.419044
2025-08-09,177188719504,628133,5,1,0,0,0,6,0.5534246575342465,0,8,178226215761.0,180829633376.0,143707669147.0,141018072174.0,139993503765.14285,147777061793.85715,30835471621.493896
2025-08-10,134935939386,483552,6,1,0,0,0,5,0.5547945205479452,0,8,177188719504.0,121581177469.0,119985011103.0,88228607620.0,139473373212.0,150168565390.7857,30052616919.99258
2025-08-11,147504523724,533734,0,0,0,0,0,4,0.5561643835616439,0,8,134935939386.0,103553050405.0,128548510043.0,194619332476.0,141381196343.0,151236488839.57144,29137426722.24218
2025-08-12,169595202221,603376,1,0,0,0,0,3,0.5575342465753425,0,8,147504523724.0,137769181751.0,158479185975.0,174678532882.0,147659978245.7143,152590489816.7857,23890383748.13704
2025-08-13,121439476220,451713,2,0,0,0,0,2,0.5589041095890411,0,8,169595202221.0,147190239310.0,168978229341.0,191024226931.0,152206552598.57144,153384490977.2143,24708734760.95443
2025-08-14,124400647990,471635,3,0,0,0,0,1,0.5602739726027397,0,8,121439476220.0,110805028284.0,153964890961.0,151278408209.0,148527872157.14285,149988865754.2857,27355225589.357685
2025-08-15,175898200067,525869,4,0,0,1,0,0,0.5616438356164384,0,8,124400647990.0,178226215761.0,215260842188.0,116335719733.0,150470103543.7143,147877134113.5,24571509108.074276
2025-08-16,106476329827,511895,5,1,0,0,0,15,0.563013698630137,0,8,175898200067.0,177188719504.0,180829633376.0,148097891259.0,150137529873.14285,145065516819.14285,24145277142.55088
2025-08-17,85554462665,465164,6,1,0,0,0,14,0.5643835616438356,0,8,106476329827.0,134935939386.0,121581177469.0,82595388683.0,140035759919.2857,139754566565.64285,25684559841.026756
2025-08-18,118322371059,460661,0,0,1,0,0,13,0.5657534246575342,0,8,85554462665.0,147504523724.0,103553050405.0,138060456377.0,132981263244.85715,137181229793.92857,33045478266.310413
2025-08-19,153590591849,547063,1,0,0,0,0,12,0.5671232876712329,0,8,118322371059.0,169595202221.0,137769181751.0,184676242627.0,128812384292.71428,138236181269.2143,32747322959.9087
2025-08-20,165106907320,560249,2,0,0,0,0,11,0.5684931506849316,0,8,153590591849.0,121439476220.0,147190239310.0,149140896930.0,126526011382.42857,139366281990.5,29856467167.041702
2025-08-21,163600330659,586278,3,0,0,0,0,10,0.5698630136986301,0,8,165106907320.0,124400647990.0,110805028284.0,149658504178.0,132764215825.28572,140646043991.2143,33011760830.727043
2025-08-22,169783758818,640873,4,0,0,0,0,9,0.5712328767123288,0,8,163600330659.0,175898200067.0,178226215761.0,121548062625.0,138364170492.2857,144417137018.0,34641156601.32742
2025-08-23,193181434056,596257,5,1,0,0,0,8,0.5726027397260274,0,8,169783758818.0,106476329827.0,177188719504.0,143707669147.0,137490678885.2857,143814104379.2143,33598374527.63522
2025-08-24,151396494157,555757,6,1,0,0,0,7,0.5739726027397261,0,8,193181434056.0,85554462665.0,134935939386.0,119985011103.0,149877122346.57144,144956441132.92856,36144863899.85289
2025-08-25,152987809342,543914,0,0,0,0,0,6,0.5753424657534246,0,8,151396494157.0,118322371059.0,147504523724.0,128548510043.0,159283126845.42856,146132195045.14285,22672673036.766655
2025-08-26,84531818475,269955,1,0,0,0,0,5,0.5767123287671233,0,8,152987809342.0,153590591849.0,169595202221.0,158479185975.0,164235332314.42856,146523858303.57144,14574393930.314497
2025-08-27,146667438119,521003,2,0,0,0,0,4,0.5780821917808219,0,8,84531818475.0,165106907320.0,121439476220.0,168978229341.0,154369793261.0,140447902321.7143,33745407943.62129
2025-08-28,114148615191,462790,3,0,0,0,0,3,0.5794520547945206,0,8,146667438119.0,163600330659.0,124400647990.0,153964890961.0,151735583375.14285,142249899600.2143,33486272232.181946
2025-08-29,158782192305,526709,4,0,0,0,0,2,0.5808219178082191,0,8,114148615191.0,169783758818.0,175898200067.0,215260842188.0,144671052594.0,141517611543.14285,35708629561.84114
2025-08-30,185431373482,632917,5,1,0,0,0,1,0.5821917808219178,0,8,158782192305.0,193181434056.0,106476329827.0,180829633376.0,143099400235.0,140295039560.14285,34645401241.71449
2025-08-31,144498994910,594982,6,1,0,1,1,0,0.5835616438356165,0,8,185431373482.0,151396494157.0,85554462665.0,121581177469.0,141992248724.42856,145934685535.5,32855817139.08453
2025-09-01,214264799843,660610,0,0,0,0,0,14,0.584931506849315,1,9,144498994910.0,152987809342.0,118322371059.0,103553050405.0,141006891689.14285,150145009267.2857,32629423746.407402
2025-09-02,102473310103,516342,1,0,0,0,0,13,0.5863013698630137,0,9,214264799843.0,84531818475.0,153590591849.0,137769181751.0,149760747475.0,156998039894.7143,42962860987.85985
2025-09-03,130404730190,575554,2,0,0,0,0,12,0.5876712328767123,0,9,102473310103.0,146667438119.0,165106907320.0,147190239310.0,152323817707.57144,153346805484.2857,38751661893.77591
2025-09-04,111016337040,488725,3,0,0,0,0,11,0.589041095890411,0,9,130404730190.0,114148615191.0,163600330659.0,110805028284.0,150000573717.7143,150868078546.42856,39624944429.56196
2025-09-05,160631438004,602836,4,0,0,0,0,10,0.5904109589041096,0,9,111016337040.0,158782192305.0,169783758818.0,178226215761.0,149553105410.42856,147112079002.2143,40111975581.31459
2025-09-06,168106168105,598782,5,1,0,0,0,9,0.5917808219178082,0,9,160631438004.0,185431373482.0,193181434056.0,177188719504.0,149817283367.42856,146458341801.2143,40188904746.64898
2025-09-07,83245239380,417868,6,1,0,0,0,8,0.5931506849315068,0,9,168106168105.0,144498994910.0,151396494157.0,134935939386.0,147342254027.85715,144667251376.14285,38109771028.44828
2025-09-08,143691894257,590297,0,0,0,0,0,7,0.5945205479452055,0,9,83245239380.0,214264799843.0,152987809342.0,147504523724.0,138591717523.57144,139799304606.35715,45237277820.41969
2025-09-09,135376170457,536144,1,0,0,0,0,6,0.5958904109589042,0,9,143691894257.0,102473310103.0,84531818475.0,169595202221.0,128509873868.42857,139135310671.7143,31269152110.32805
2025-09-10,187377451341,529188,2,0,0,0,0,5,0.5972602739726027,0,9,135376170457.0,130404730190.0,146667438119.0,121439476220.0,133210282490.42857,142767050099.0,29100818229.698147
2025-09-11,157237077734,487308,3,0,0,0,0,4,0.5986301369863014,0,9,187377451341.0,111016337040.0,114148615191.0,124400647990.0,141349242654.85715,145674908186.2857,35458092822.129196
2025-09-12,144322667769,544092,4,0,0,0,0,3,0.6,0,9,157237077734.0,160631438004.0,158782192305.0,175898200067.0,147952205611.14285,148752655510.7857,33092804810.47207
2025-09-13,174554661368,629265,5,1,0,0,0,2,0.6013698630136987,0,9,144322667769.0,168106168105.0,185431373482.0,106476329827.0,145622381291.85715,147719832329.64285,32622120365.145752
2025-09-14,103273183992,491789,6,1,0,0,0,1,0.6027397260273972,0,9,174554661368.0,83245239380.0,144498994910.0,85554462665.0,146543594615.14285,146942924321.5,33443564766.495975
2025-09-15,126747240249,594550,0,0,0,1,0,0,0.6041095890410959,0,9,103273183992.0,143691894257.0,214264799843.0,118322371059.0,149404729559.7143,143998223541.64285,27444417020.493717
2025-09-16,175833594059,632326,1,0,0,0,0,14,0.6054794520547945,0,9,126747240249.0,135376170457.0,102473310103.0,153590591849.0,146984064701.42856,137746969284.92856,28748577239.418327
2025-09-17,149946852140,621974,2,0,0,0,0,13,0.6068493150684932,0,9,175833594059.0,187377451341.0,130404730190.0,165106907320.0,152763696644.57144,142986989567.5,30062732403.317806
2025-09-18,137448196245,522588,3,0,0,0,0,12,0.6082191780821918,0,9,149946852140.0,157237077734.0,111016337040.0,163600330659.0,147416468187.2857,144382855421.07144,25923862594.39529
2025-09-19,113198034679,501292,4,0,0,0,0,11,0.6095890410958904,0,9,137448196245.0,144322667769.0,160631438004.0,169783758818.0,144589485117.42856,146270845364.2857,25752861173.029736
2025-09-20,175291901688,664131,5,1,0,0,0,10,0.6109589041095891,0,9,113198034679.0,174554661368.0,168106168105.0,193181434056.0,140143108961.7143,142882745126.7857,28361415380.43137
2025-09-21,120530624633,485384,6,1,0,0,0,9,0.6123287671232877,0,9,175291901688.0,103273183992.0,83245239380.0,151396494157.0,140248429007.42856,143396011811.2857,28511472367.01061
2025-09-22,173292596925,599431,0,0,0,0,0,8,0.6136986301369863,0,9,120530624633.0,126747240249.0,143691894257.0,152987809342.0,142713777670.42856,146059253615.07144,25352520572.897106
