date,total_withdrawals_cop,transaction_count,day_of_week,is_weekend,is_holiday,is_payday,is_month_end,days_to_payday,trend,special_event
2024-07-01,95823227693,363049,0,0,1,0,0,14,0.0,0
2024-07-02,106268544867,413040,1,0,0,0,0,13,0.0013698630136986301,0
2024-07-03,121364343045,458933,2,0,0,0,0,12,0.0027397260273972603,0
2024-07-04,106506681208,452641,3,0,0,0,0,11,0.00410958904109589,0
2024-07-05,96581641439,369143,4,0,0,0,0,10,0.005479452054794521,0
2024-07-06,111184679006,414608,5,1,0,0,0,9,0.00684931506849315,0
2024-07-07,94855518302,392541,6,1,0,0,0,8,0.00821917808219178,0
2024-07-08,113053846363,410854,0,0,0,0,0,7,0.009589041095890411,0
2024-07-09,90670716980,439817,1,0,0,0,0,6,0.010958904109589041,0
2024-07-10,72411805932,398992,2,0,0,0,0,5,0.012328767123287671,0
2024-07-11,122273142967,452726,3,0,0,0,0,4,0.0136986301369863,0
2024-07-12,139545738627,481646,4,0,0,0,0,3,0.015068493150684932,0
2024-07-13,109855697662,474939,5,1,0,0,0,2,0.01643835616438356,0
2024-07-14,73892485744,429708,6,1,0,0,0,1,0.01780821917808219,0
2024-07-15,119395927621,469595,0,0,0,1,0,0,0.019178082191780823,0
2024-07-16,125725368308,441252,1,0,0,0,0,15,0.02054794520547945,0
2024-07-17,135820499582,448876,2,0,0,0,0,14,0.021917808219178082,0
2024-07-18,98817448217,385345,3,0,0,0,0,13,0.023287671232876714,0
2024-07-19,118485783810,488293,4,0,0,0,0,12,0.024657534246575342,0
2024-07-20,89096726633,377998,5,1,1,0,0,11,0.026027397260273973,0
2024-07-21,85624200783,385667,6,1,0,0,0,10,0.0273972602739726,0
2024-07-22,97336724335,401184,0,0,0,0,0,9,0.028767123287671233,0
2024-07-23,111394695064,494135,1,0,0,0,0,8,0.030136986301369864,0
2024-07-24,133755383166,430681,2,0,0,0,0,7,0.031506849315068496,0
2024-07-25,119707142034,407628,3,0,0,0,0,6,0.03287671232876712,0
2024-07-26,127328966806,440494,4,0,0,0,0,5,0.03424657534246575,0
2024-07-27,117598635914,500000,5,1,0,0,0,4,0.03561643835616438,0
2024-07-28,99708389033,407234,6,1,0,0,0,3,0.036986301369863014,0
2024-07-29,120935751761,445595,0,0,0,0,0,2,0.038356164383561646,0
2024-07-30,137192902773,506698,1,0,0,0,0,1,0.03972602739726028,0
2024-07-31,168402868101,586538,2,0,0,1,1,0,0.0410958904109589,0
2024-08-01,112404859417,431156,3,0,0,0,0,14,0.04246575342465753,0
2024-08-02,125853914750,453683,4,0,0,0,0,13,0.043835616438356165,0
2024-08-03,126723948358,444534,5,1,0,0,0,12,0.045205479452054796,0
2024-08-04,96843525676,418325,6,1,0,0,0,11,0.04657534246575343,0
2024-08-05,94406439077,475794,0,0,0,0,0,10,0.04794520547945205,0
2024-08-06,115809585818,445263,1,0,0,0,0,9,0.049315068493150684,0
2024-08-07,76175699198,326410,2,0,1,0,0,8,0.050684931506849315,0
2024-08-08,81459373419,396675,3,0,0,0,0,7,0.052054794520547946,0
2024-08-09,149247277019,486655,4,0,0,0,0,6,0.05342465753424658,0
2024-08-10,164770076332,514457,5,1,0,0,0,5,0.0547945205479452,0
2024-08-11,108280392247,417926,6,1,0,0,0,4,0.056164383561643834,0
2024-08-12,106370138148,408187,0,0,0,0,0,3,0.057534246575342465,0
2024-08-13,138379722802,461706,1,0,0,0,0,2,0.0589041095890411,0
2024-08-14,112462755571,448382,2,0,0,0,0,1,0.06027397260273973,0
2024-08-15,115884522753,465566,3,0,0,1,0,0,0.06164383561643835,0
2024-08-16,119523650623,538288,4,0,0,0,0,15,0.06301369863013699,0
2024-08-17,137630502311,494507,5,1,0,0,0,14,0.06438356164383562,0
2024-08-18,95514288545,425031,6,1,0,0,0,13,0.06575342465753424,0
2024-08-19,75061297088,351315,0,0,1,0,0,12,0.06712328767123288,0
2024-08-20,119759135139,466478,1,0,0,0,0,11,0.0684931506849315,0
2024-08-21,117122507163,471413,2,0,0,0,0,10,0.06986301369863014,0
2024-08-22,111316827705,376226,3,0,0,0,0,9,0.07123287671232877,0
2024-08-23,127905321279,451245,4,0,0,0,0,8,0.07260273972602739,0
2024-08-24,124346210165,466686,5,1,0,0,0,7,0.07397260273972603,0
2024-08-25,87338317347,379521,6,1,0,0,0,6,0.07534246575342465,0
2024-08-26,109117555879,427932,0,0,0,0,0,5,0.07671232876712329,0
2024-08-27,130893259407,518547,1,0,0,0,0,4,0.07808219178082192,0
2024-08-28,90391652737,413485,2,0,0,0,0,3,0.07945205479452055,0
2024-08-29,113265942443,473238,3,0,0,0,0,2,0.08082191780821918,0
2024-08-30,100840577936,431997,4,0,0,0,0,1,0.0821917808219178,0
2024-08-31,120537325344,532144,5,1,0,1,1,0,0.08356164383561644,0
2024-09-01,103457153854,435541,6,1,0,0,0,14,0.08493150684931507,0
2024-09-02,129725949443,487750,0,0,0,0,0,13,0.0863013698630137,0
2024-09-03,100507229987,493722,1,0,0,0,0,12,0.08767123287671233,0
2024-09-04,120934422785,487770,2,0,0,0,0,11,0.08904109589041095,0
2024-09-05,116997585900,428069,3,0,0,0,0,10,0.09041095890410959,0
2024-09-06,131531202287,454457,4,0,0,0,0,9,0.09178082191780822,0
2024-09-07,160608170999,535766,5,1,0,0,0,8,0.09315068493150686,0
2024-09-08,90960192335,403899,6,1,0,0,0,7,0.09452054794520548,0
2024-09-09,90637689063,396425,0,0,0,0,0,6,0.0958904109589041,0
2024-09-10,94580082509,418895,1,0,0,0,0,5,0.09726027397260274,0
2024-09-11,110178391853,419799,2,0,0,0,0,4,0.09863013698630137,0
2024-09-12,118663999919,464155,3,0,0,0,0,3,0.1,0
2024-09-13,143354678259,482807,4,0,0,0,0,2,0.10136986301369863,0
2024-09-14,160711341436,531063,5,1,0,0,0,1,0.10273972602739725,0
2024-09-15,93040531121,421097,6,1,0,1,0,0,0.10410958904109589,0
2024-09-16,106913645352,493167,0,0,0,0,0,14,0.10547945205479452,0
2024-09-17,123830614189,495344,1,0,0,0,0,13,0.10684931506849316,0
2024-09-18,115850190018,447283,2,0,0,0,0,12,0.10821917808219178,0
2024-09-19,111118592780,464987,3,0,0,0,0,11,0.1095890410958904,0
2024-09-20,108038709457,450670,4,0,0,0,0,10,0.11095890410958904,0
2024-09-21,134136143955,486213,5,1,0,0,0,9,0.11232876712328767,0
2024-09-22,84730463430,401064,6,1,0,0,0,8,0.1136986301369863,0
2024-09-23,95317077827,403883,0,0,0,0,0,7,0.11506849315068493,0
2024-09-24,132902517265,492083,1,0,0,0,0,6,0.11643835616438356,0
2024-09-25,106595108103,442986,2,0,0,0,0,5,0.1178082191780822,0
2024-09-26,113488320880,449494,3,0,0,0,0,4,0.11917808219178082,0
2024-09-27,133919489405,502597,4,0,0,0,0,3,0.12054794520547946,0
2024-09-28,121680250384,525602,5,1,0,0,0,2,0.12191780821917808,0
2024-09-29,93910013384,442534,6,1,0,0,0,1,0.1232876712328767,0
2024-09-30,147336827520,491540,0,0,0,1,1,0,0.12465753424657534,0
2024-10-01,104249172080,464575,1,0,0,0,0,14,0.12602739726027398,0
2024-10-02,88025669185,465982,2,0,0,0,0,13,0.1273972602739726,0
2024-10-03,70889825837,371560,3,0,0,0,0,12,0.12876712328767123,0
2024-10-04,106013191141,408837,4,0,0,0,0,11,0.13013698630136986,0
2024-10-05,117093391900,434336,5,1,0,0,0,10,0.13150684931506848,0
2024-10-06,82467041341,370829,6,1,0,0,0,9,0.13287671232876713,0
2024-10-07,134913988001,459914,0,0,0,0,0,8,0.13424657534246576,0
2024-10-08,75347064604,424726,1,0,0,0,0,7,0.13561643835616438,0
2024-10-09,116427515471,438243,2,0,0,0,0,6,0.136986301369863,0
2024-10-10,143719681860,491902,3,0,0,0,0,5,0.13835616438356163,0
2024-10-11,102356041057,457392,4,0,0,0,0,4,0.13972602739726028,0
2024-10-12,135704202625,528534,5,1,0,0,0,3,0.1410958904109589,0
2024-10-13,77094837441,375136,6,1,0,0,0,2,0.14246575342465753,0
2024-10-14,80220584055,350430,0,0,1,0,0,1,0.14383561643835616,0
2024-10-15,113256772171,450616,1,0,0,1,0,0,0.14520547945205478,0
2024-10-16,142082587045,477541,2,0,0,0,0,15,0.14657534246575343,0
2024-10-17,143242036950,476218,3,0,0,0,0,14,0.14794520547945206,0
2024-10-18,99802303396,401193,4,0,0,0,0,13,0.14931506849315068,0
2024-10-19,171389247941,517738,5,1,0,0,0,12,0.1506849315068493,0
2024-10-20,95561471205,420524,6,1,0,0,0,11,0.15205479452054796,0
2024-10-21,132024709845,424659,0,0,0,0,0,10,0.15342465753424658,0
2024-10-22,105305054507,406495,1,0,0,0,0,9,0.1547945205479452,0
2024-10-23,119252382741,461473,2,0,0,0,0,8,0.15616438356164383,0
2024-10-24,109215283943,423867,3,0,0,0,0,7,0.15753424657534246,0
2024-10-25,174864703466,487556,4,0,0,0,0,6,0.1589041095890411,0
2024-10-26,149272993292,501877,5,1,0,0,0,5,0.16027397260273973,0
2024-10-27,98215280621,473559,6,1,0,0,0,4,0.16164383561643836,0
2024-10-28,126725942165,441307,0,0,0,0,0,3,0.16301369863013698,0
2024-10-29,107057326727,426511,1,0,0,0,0,2,0.1643835616438356,0
2024-10-30,122440684317,510511,2,0,0,0,0,1,0.16575342465753426,0
2024-10-31,140119058796,511045,3,0,0,1,1,0,0.16712328767123288,0
2024-11-01,147659189436,565749,4,0,0,0,0,14,0.1684931506849315,0
2024-11-02,157269646345,563043,5,1,0,0,0,13,0.16986301369863013,0
2024-11-03,97642950090,429446,6,1,0,0,0,12,0.17123287671232876,0
2024-11-04,110037042576,410497,0,0,1,0,0,11,0.1726027397260274,0
2024-11-05,116491656599,421743,1,0,0,0,0,10,0.17397260273972603,0
2024-11-06,85542880230,436680,2,0,0,0,0,9,0.17534246575342466,0
2024-11-07,110254147474,412288,3,0,0,0,0,8,0.17671232876712328,0
2024-11-08,106989942005,465689,4,0,0,0,0,7,0.1780821917808219,0
2024-11-09,99276929702,443485,5,1,0,0,0,6,0.17945205479452056,0
2024-11-10,99825665573,442193,6,1,0,0,0,5,0.18082191780821918,0
2024-11-11,93146140989,357352,0,0,1,0,0,4,0.1821917808219178,0
2024-11-12,99404667192,411922,1,0,0,0,0,3,0.18356164383561643,0
2024-11-13,118973781313,423234,2,0,0,0,0,2,0.18493150684931506,0
2024-11-14,96733907433,464935,3,0,0,0,0,1,0.1863013698630137,0
2024-11-15,137222115965,553077,4,0,0,1,0,0,0.18767123287671234,0
2024-11-16,163454287299,648358,5,1,0,0,0,14,0.18904109589041096,0
2024-11-17,120181359596,530769,6,1,0,0,0,13,0.19041095890410958,0
2024-11-18,126959263986,475307,0,0,0,0,0,12,0.1917808219178082,0
2024-11-19,45341773194,195648,1,0,0,0,0,11,0.19315068493150686,0
2024-11-20,105302191681,378420,2,0,0,0,0,10,0.19452054794520549,0
2024-11-21,116505795236,465521,3,0,0,0,0,9,0.1958904109589041,0
2024-11-22,91288045404,452054,4,0,0,0,0,8,0.19726027397260273,0
2024-11-23,102299128504,492450,5,1,0,0,0,7,0.19863013698630136,0
2024-11-24,90959431474,399432,6,1,0,0,0,6,0.2,0
2024-11-25,114611740180,454804,0,0,0,0,0,5,0.20136986301369864,0
2024-11-26,137124802655,525836,1,0,0,0,0,4,0.20273972602739726,0
2024-11-27,122004392481,477405,2,0,0,0,0,3,0.20410958904109588,0
2024-11-28,115096421485,450448,3,0,0,0,0,2,0.2054794520547945,0
2024-11-29,129570259182,444617,4,0,0,0,0,1,0.20684931506849316,0
2024-11-30,112221427998,476076,5,1,0,1,1,0,0.20821917808219179,0
2024-12-01,102364847629,430983,6,1,0,0,0,14,0.2095890410958904,0
2024-12-02,131949529068,484111,0,0,0,0,0,13,0.21095890410958903,0
2024-12-03,186983705809,564737,1,0,0,0,0,12,0.21232876712328766,0
2024-12-04,172740505218,483626,2,0,0,0,0,11,0.2136986301369863,0
2024-12-05,144396278435,505072,3,0,0,0,0,10,0.21506849315068494,0
2024-12-06,105523439065,475518,4,0,0,0,0,9,0.21643835616438356,0
2024-12-07,122333287618,466530,5,1,0,0,0,8,0.21780821917808219,0
2024-12-08,78538172320,315229,6,1,1,0,0,7,0.2191780821917808,0
2024-12-09,128864844224,439537,0,0,0,0,0,6,0.22054794520547946,0
2024-12-10,177886167643,583617,1,0,0,0,0,5,0.2219178082191781,0
2024-12-11,139151300565,445025,2,0,0,0,0,4,0.2232876712328767,0
2024-12-12,145827777885,501687,3,0,0,0,0,3,0.22465753424657534,0
2024-12-13,164443443536,459851,4,0,0,0,0,2,0.22602739726027396,0
2024-12-14,172609494098,569000,5,1,0,0,0,1,0.2273972602739726,0
2024-12-15,118256201601,475759,6,1,0,1,0,0,0.22876712328767124,0
2024-12-16,167505699099,503337,0,0,0,0,0,15,0.23013698630136986,0
2024-12-17,128459679146,490576,1,0,0,0,0,14,0.23150684931506849,0
2024-12-18,148346307604,454622,2,0,0,0,0,13,0.2328767123287671,0
2024-12-19,149342024744,487779,3,0,0,0,0,12,0.23424657534246576,0
2024-12-20,150792351161,482569,4,0,0,0,0,11,0.2356164383561644,0
2024-12-21,184849437859,469547,5,1,0,0,0,10,0.236986301369863,0
2024-12-22,99168492789,385938,6,1,0,0,0,9,0.23835616438356164,0
2024-12-23,189722953516,482598,0,0,0,0,0,8,0.23972602739726026,0
2024-12-24,176845093816,565333,1,0,0,0,0,7,0.2410958904109589,0
2024-12-25,65120544110,246320,2,0,1,0,0,6,0.24246575342465754,0
2024-12-26,142467022416,466399,3,0,0,0,0,5,0.24383561643835616,0
2024-12-27,143958034759,518846,4,0,0,0,0,4,0.2452054794520548,0
2024-12-28,178644362132,592914,5,1,0,0,0,3,0.2465753424657534,0
2024-12-29,130261133866,447057,6,1,0,0,0,2,0.24794520547945206,0
2024-12-30,168865191742,501468,0,0,0,0,0,1,0.2493150684931507,0
2024-12-31,182601793260,612807,1,0,0,1,1,0,0.25068493150684934,0
2025-01-01,67922376388,242245,2,0,1,0,0,14,0.25205479452054796,0
2025-01-02,141413760564,510517,3,0,0,0,0,13,0.2534246575342466,0
2025-01-03,141066883433,470375,4,0,0,0,0,12,0.2547945205479452,0
2025-01-04,122130985316,431869,5,1,0,0,0,11,0.25616438356164384,0
2025-01-05,91380064638,351672,6,1,0,0,0,10,0.25753424657534246,0
2025-01-06,78815876519,401576,0,0,1,0,0,9,0.2589041095890411,0
2025-01-07,130768528645,525833,1,0,0,0,0,8,0.2602739726027397,0
2025-01-08,98847531449,439410,2,0,0,0,0,7,0.26164383561643834,0
2025-01-09,103430202708,418602,3,0,0,0,0,6,0.26301369863013696,0
2025-01-10,125617017192,526378,4,0,0,0,0,5,0.26438356164383564,0
2025-01-11,114664653308,439310,5,1,0,0,0,4,0.26575342465753427,0
2025-01-12,101639723848,370711,6,1,0,0,0,3,0.2671232876712329,0
2025-01-13,115592670970,464784,0,0,0,0,0,2,0.2684931506849315,0
2025-01-14,119971752424,441371,1,0,0,0,0,1,0.26986301369863014,0
2025-01-15,116292695179,475708,2,0,0,1,0,0,0.27123287671232876,0
2025-01-16,114184483450,463790,3,0,0,0,0,15,0.2726027397260274,0
2025-01-17,123742180931,481860,4,0,0,0,0,14,0.273972602739726,0
2025-01-18,155340858276,552639,5,1,0,0,0,13,0.27534246575342464,0
2025-01-19,104333513168,408614,6,1,0,0,0,12,0.27671232876712326,0
2025-01-20,142299757450,467266,0,0,0,0,0,11,0.27808219178082194,0
2025-01-21,100917694845,375158,1,0,0,0,0,10,0.27945205479452057,0
2025-01-22,121191924199,449384,2,0,0,0,0,9,0.2808219178082192,0
2025-01-23,85278896536,404900,3,0,0,0,0,8,0.2821917808219178,0
2025-01-24,106442254400,418556,4,0,0,0,0,7,0.28356164383561644,0
2025-01-25,135013278210,454128,5,1,0,0,0,6,0.28493150684931506,0
2025-01-26,97882065648,395201,6,1,0,0,0,5,0.2863013698630137,0
2025-01-27,125503906523,480606,0,0,0,0,0,4,0.2876712328767123,0
2025-01-28,117049724522,407268,1,0,0,0,0,3,0.28904109589041094,0
2025-01-29,121538782508,455001,2,0,0,0,0,2,0.29041095890410956,0
2025-01-30,128574024523,459191,3,0,0,0,0,1,0.29178082191780824,0
2025-01-31,136833636202,513716,4,0,0,1,1,0,0.29315068493150687,0
2025-02-01,163029374430,617353,5,1,0,0,0,14,0.2945205479452055,0
2025-02-02,117098843433,485887,6,1,0,0,0,13,0.2958904109589041,0
2025-02-03,92750328020,544043,0,0,0,0,0,12,0.29726027397260274,0
2025-02-04,139927439811,498762,1,0,0,0,0,11,0.29863013698630136,0
2025-02-05,68116834716,465169,2,0,0,0,0,10,0.3,0
2025-02-06,94616032984,472021,3,0,0,0,0,9,0.3013698630136986,0
2025-02-07,147995793793,528161,4,0,0,0,0,8,0.30273972602739724,0
2025-02-08,160884914173,550754,5,1,0,0,0,7,0.3041095890410959,0
2025-02-09,80714212468,404255,6,1,0,0,0,6,0.30547945205479454,0
2025-02-10,118539032951,492138,0,0,0,0,0,5,0.30684931506849317,0
2025-02-11,162331901625,518915,1,0,0,0,0,4,0.3082191780821918,0
2025-02-12,150362590460,611908,2,0,0,0,0,3,0.3095890410958904,0
2025-02-13,181843994873,566077,3,0,0,0,0,2,0.31095890410958904,0
2025-02-14,127678156721,479712,4,0,0,0,0,1,0.31232876712328766,0
2025-02-15,163352623039,562764,5,1,0,1,0,0,0.3136986301369863,0
2025-02-16,117183735021,422312,6,1,0,0,0,12,0.3150684931506849,0
2025-02-17,124495942380,464655,0,0,0,0,0,11,0.31643835616438354,0
2025-02-18,124430486712,525679,1,0,0,0,0,10,0.3178082191780822,0
2025-02-19,143349509897,555943,2,0,0,0,0,9,0.31917808219178084,0
2025-02-20,114825659214,454891,3,0,0,0,0,8,0.32054794520547947,0
2025-02-21,109613304643,491609,4,0,0,0,0,7,0.3219178082191781,0
2025-02-22,118742618035,442006,5,1,0,0,0,6,0.3232876712328767,0
2025-02-23,94584551637,446098,6,1,0,0,0,5,0.32465753424657534,0
2025-02-24,130952149557,446168,0,0,0,0,0,4,0.32602739726027397,0
2025-02-25,132430478293,489378,1,0,0,0,0,3,0.3273972602739726,0
2025-02-26,117404067018,464380,2,0,0,0,0,2,0.3287671232876712,0
2025-02-27,121640129732,485259,3,0,0,0,0,1,0.33013698630136984,0
2025-02-28,121212596306,442053,4,0,0,1,1,0,0.3315068493150685,0
2025-03-01,149653844100,501967,5,1,0,0,0,14,0.33287671232876714,0
2025-03-02,115713659514,564030,6,1,0,0,0,13,0.33424657534246577,0
2025-03-03,101526374609,438485,0,0,0,0,0,12,0.3356164383561644,0
2025-03-04,142327875670,465590,1,0,0,0,0,11,0.336986301369863,0
2025-03-05,147149060165,590625,2,0,0,0,0,10,0.33835616438356164,0
2025-03-06,130995891716,620636,3,0,0,0,0,9,0.33972602739726027,0
2025-03-07,133038307950,472240,4,0,0,0,0,8,0.3410958904109589,0
2025-03-08,157116046529,535349,5,1,0,0,0,7,0.3424657534246575,0
2025-03-09,89885262302,471593,6,1,0,0,0,6,0.34383561643835614,0
2025-03-10,156898870513,576142,0,0,0,0,0,5,0.3452054794520548,0
2025-03-11,139212369511,473190,1,0,0,0,0,4,0.34657534246575344,0
2025-03-12,136682962742,498268,2,0,0,0,0,3,0.34794520547945207,0
2025-03-13,145012506476,529205,3,0,0,0,0,2,0.3493150684931507,0
2025-03-14,122837538223,551461,4,0,0,0,0,1,0.3506849315068493,0
2025-03-15,165042709202,570052,5,1,0,1,0,0,0.35205479452054794,0
2025-03-16,110598777208,490761,6,1,0,0,0,15,0.35342465753424657,0
2025-03-17,109826454087,439190,0,0,0,0,0,14,0.3547945205479452,0
2025-03-18,152774099547,510870,1,0,0,0,0,13,0.3561643835616438,0
2025-03-19,154782436579,499930,2,0,0,0,0,12,0.35753424657534244,0
2025-03-20,157375275183,507608,3,0,0,0,0,11,0.3589041095890411,0
2025-03-21,157447448495,506838,4,0,0,0,0,10,0.36027397260273974,0
2025-03-22,160544192696,583320,5,1,0,0,0,9,0.36164383561643837,0
2025-03-23,123171880270,504524,6,1,0,0,0,8,0.363013698630137,0
2025-03-24,118664044002,408728,0,0,1,0,0,7,0.3643835616438356,0
2025-03-25,148965430634,541437,1,0,0,0,0,6,0.36575342465753424,0
2025-03-26,138389119304,517383,2,0,0,0,0,5,0.36712328767123287,0
2025-03-27,140338527357,499852,3,0,0,0,0,4,0.3684931506849315,0
2025-03-28,133810035842,501495,4,0,0,0,0,3,0.3698630136986301,0
2025-03-29,147467750437,578556,5,1,0,0,0,2,0.37123287671232874,0
2025-03-30,111956507755,502225,6,1,0,0,0,1,0.3726027397260274,0
2025-03-31,193175982009,674182,0,0,0,1,1,0,0.37397260273972605,0
2025-04-01,171835085849,632422,1,0,0,0,0,14,0.37534246575342467,0
2025-04-02,152924221871,557044,2,0,0,0,0,13,0.3767123287671233,0
2025-04-03,129389018278,467984,3,0,0,0,0,12,0.3780821917808219,0
2025-04-04,124715506509,485182,4,0,0,0,0,11,0.37945205479452054,0
2025-04-05,191072320582,626132,5,1,0,0,0,10,0.38082191780821917,0
2025-04-06,117497392165,478335,6,1,0,0,0,9,0.3821917808219178,0
2025-04-07,120679128362,531210,0,0,0,0,0,8,0.3835616438356164,0
2025-04-08,142682831319,447111,1,0,0,0,0,7,0.38493150684931504,0
2025-04-09,139995734718,563817,2,0,0,0,0,6,0.3863013698630137,0
2025-04-10,108001823662,525810,3,0,0,0,0,5,0.38767123287671235,0
2025-04-11,115020055549,487845,4,0,0,0,0,4,0.38904109589041097,0
2025-04-12,133850426106,544374,5,1,0,0,0,3,0.3904109589041096,0
2025-04-13,113878051921,480906,6,1,0,0,0,2,0.3917808219178082,0
2025-04-14,132866777416,514316,0,0,0,0,0,1,0.39315068493150684,0
2025-04-15,143883439604,550324,1,0,0,1,0,0,0.39452054794520547,0
2025-04-16,159109126345,559722,2,0,0,0,0,14,0.3958904109589041,0
2025-04-17,106081823964,397045,3,0,1,0,0,13,0.3972602739726027,0
2025-04-18,123835572496,441889,4,0,1,0,0,12,0.39863013698630134,0
2025-04-19,190569110308,647193,5,1,0,0,0,11,0.4,0
2025-04-20,91922043908,363154,6,1,0,0,0,10,0.40136986301369865,0
2025-04-21,100656953307,503637,0,0,0,0,0,9,0.40273972602739727,0
2025-04-22,142099764370,544530,1,0,0,0,0,8,0.4041095890410959,0
2025-04-23,105645377410,539910,2,0,0,0,0,7,0.4054794520547945,0
2025-04-24,127412861477,493420,3,0,0,0,0,6,0.40684931506849314,0
2025-04-25,124639376313,461158,4,0,0,0,0,5,0.40821917808219177,0
2025-04-26,187123469065,591489,5,1,0,0,0,4,0.4095890410958904,0
2025-04-27,147946428667,548543,6,1,0,0,0,3,0.410958904109589,0
2025-04-28,122391275995,445912,0,0,0,0,0,2,0.4123287671232877,0
2025-04-29,149198465503,580742,1,0,0,0,0,1,0.4136986301369863,0
2025-04-30,157070863305,559225,2,0,0,1,1,0,0.41506849315068495,0
2025-05-01,106540310862,441707,3,0,1,0,0,14,0.41643835616438357,0
2025-05-02,144643885173,534127,4,0,0,0,0,13,0.4178082191780822,0
2025-05-03,181718142175,577158,5,1,0,0,0,12,0.4191780821917808,0
2025-05-04,121169052141,549245,6,1,0,0,0,11,0.42054794520547945,0
2025-05-05,165974267677,563922,0,0,0,0,0,10,0.42191780821917807,0
2025-05-06,190960291268,645130,1,0,0,0,0,9,0.4232876712328767,0
2025-05-07,142547388298,605610,2,0,0,0,0,8,0.4246575342465753,0
2025-05-08,159172069942,552563,3,0,0,0,0,7,0.426027397260274,0
2025-05-09,194010247906,659865,4,0,0,0,0,6,0.4273972602739726,0
2025-05-10,177492346910,621853,5,1,0,0,0,5,0.42876712328767125,0
2025-05-11,114273383449,531149,6,1,0,0,0,4,0.4301369863013699,0
2025-05-12,126394501799,524281,0,0,0,0,0,3,0.4315068493150685,0
2025-05-13,144769805668,564427,1,0,0,0,0,2,0.4328767123287671,0
2025-05-14,146311901843,515928,2,0,0,0,0,1,0.43424657534246575,0
2025-05-15,141080368215,616878,3,0,0,1,0,0,0.43561643835616437,0
2025-05-16,158299983934,553564,4,0,0,0,0,15,0.436986301369863,0
2025-05-17,154710034299,643726,5,1,0,0,0,14,0.4383561643835616,0
2025-05-18,113001396992,488401,6,1,0,0,0,13,0.4397260273972603,0
2025-05-19,163271061023,598589,0,0,0,0,0,12,0.4410958904109589,0
2025-05-20,213875029996,602151,1,0,0,0,0,11,0.44246575342465755,1
2025-05-21,143367806063,644070,2,0,0,0,0,10,0.4438356164383562,0
2025-05-22,174295087388,572526,3,0,0,0,0,9,0.4452054794520548,0
2025-05-23,137081962346,494845,4,0,0,0,0,8,0.4465753424657534,0
2025-05-24,178364144916,600920,5,1,0,0,0,7,0.44794520547945205,0
2025-05-25,107660056034,446863,6,1,0,0,0,6,0.44931506849315067,0
2025-05-26,147405639468,518979,0,0,0,0,0,5,0.4506849315068493,0
2025-05-27,173897147992,644138,1,0,0,0,0,4,0.4520547945205479,0
2025-05-28,184387815515,587796,2,0,0,0,0,3,0.4534246575342466,0
2025-05-29,123769604580,505304,3,0,0,0,0,2,0.4547945205479452,0
2025-05-30,177291803036,572675,4,0,0,0,0,1,0.45616438356164385,0
2025-05-31,177920242027,680645,5,1,0,1,1,0,0.4575342465753425,0
2025-06-01,111580913114,458635,6,1,0,0,0,14,0.4589041095890411,0
2025-06-02,101202299408,417530,0,0,1,0,0,13,0.4602739726027397,0
2025-06-03,171012855444,571510,1,0,0,0,0,12,0.46164383561643835,0
2025-06-04,194529133421,601668,2,0,0,0,0,11,0.46301369863013697,0
2025-06-05,147682314885,557614,3,0,0,0,0,10,0.4643835616438356,0
2025-06-06,123514889260,449917,4,0,0,0,0,9,0.4657534246575342,0
2025-06-07,154516472228,610323,5,1,0,0,0,8,0.4671232876712329,0
2025-06-08,117837536785,493680,6,1,0,0,0,7,0.4684931506849315,0
2025-06-09,124843418441,553995,0,0,0,0,0,6,0.46986301369863015,0
2025-06-10,161133313762,636761,1,0,0,0,0,5,0.4712328767123288,0
2025-06-11,125806639899,443798,2,0,0,0,0,4,0.4726027397260274,0
2025-06-12,155226899076,500526,3,0,0,0,0,3,0.473972602739726,0
2025-06-13,224776239138,596943,4,0,0,0,0,2,0.47534246575342465,1
2025-06-14,138641140862,509491,5,1,0,0,0,1,0.4767123287671233,0
2025-06-15,169731726335,588995,6,1,0,1,0,0,0.4780821917808219,0
2025-06-16,171157754160,595951,0,0,0,0,0,14,0.4794520547945205,0
2025-06-17,167189801325,598255,1,0,0,0,0,13,0.4808219178082192,0
2025-06-18,150315486728,516995,2,0,0,0,0,12,0.4821917808219178,0
2025-06-19,153280529171,567368,3,0,0,0,0,11,0.48356164383561645,0
2025-06-20,177563380320,621305,4,0,0,0,0,10,0.4849315068493151,0
2025-06-21,169101733844,606501,5,1,0,0,0,9,0.4863013698630137,0
2025-06-22,102627822883,500848,6,1,0,0,0,8,0.4876712328767123,0
2025-06-23,99662368593,437676,0,0,1,0,0,7,0.48904109589041095,0
2025-06-24,157617079006,512706,1,0,0,0,0,6,0.4904109589041096,0
2025-06-25,143928205419,537764,2,0,0,0,0,5,0.4917808219178082,0
2025-06-26,130023286110,521393,3,0,0,0,0,4,0.4931506849315068,0
2025-06-27,165813550025,586358,4,0,0,0,0,3,0.4945205479452055,0
2025-06-28,208271453390,647505,5,1,0,0,0,2,0.4958904109589041,0
2025-06-29,111803890587,443771,6,1,0,0,0,1,0.49726027397260275,0
2025-06-30,118751928050,460495,0,0,1,1,1,0,0.4986301369863014,0
2025-07-01,212466040317,668135,1,0,0,0,0,14,0.5,0
2025-07-02,171039890877,534157,2,0,0,0,0,13,0.5013698630136987,0
2025-07-03,136794914054,494424,3,0,0,0,0,12,0.5027397260273972,0
2025-07-04,178828258741,582891,4,0,0,0,0,11,0.5041095890410959,0
2025-07-05,211811281488,645587,5,1,0,0,0,10,0.5054794520547945,0
2025-07-06,135045068466,495914,6,1,0,0,0,9,0.5068493150684932,0
2025-07-07,176506367428,603962,0,0,0,0,0,8,0.5082191780821917,0
2025-07-08,179960588414,604754,1,0,0,0,0,7,0.5095890410958904,0
2025-07-09,169609583859,592154,2,0,0,0,0,6,0.510958904109589,0
2025-07-10,127326291689,560564,3,0,0,0,0,5,0.5123287671232877,0
2025-07-11,206517293130,692394,4,0,0,0,0,4,0.5136986301369864,0
2025-07-12,141018072174,588912,5,1,0,0,0,3,0.5150684931506849,0
2025-07-13,88228607620,406075,6,1,0,0,0,2,0.5164383561643836,0
2025-07-14,194619332476,617327,0,0,0,0,0,1,0.5178082191780822,0
2025-07-15,174678532882,570631,1,0,0,1,0,0,0.5191780821917809,0
2025-07-16,191024226931,600258,2,0,0,0,0,15,0.5205479452054794,0
2025-07-17,151278408209,596866,3,0,0,0,0,14,0.5219178082191781,0
2025-07-18,116335719733,489916,4,0,0,0,0,13,0.5232876712328767,0
2025-07-19,148097891259,532403,5,1,0,0,0,12,0.5246575342465754,0
2025-07-20,82595388683,339208,6,1,1,0,0,11,0.5260273972602739,0
2025-07-21,138060456377,500886,0,0,0,0,0,10,0.5273972602739726,0
2025-07-22,184676242627,583674,1,0,0,0,0,9,0.5287671232876713,0
2025-07-23,149140896930,576419,2,0,0,0,0,8,0.5301369863013699,0
2025-07-24,149658504178,547213,3,0,0,0,0,7,0.5315068493150685,0
2025-07-25,121548062625,499679,4,0,0,0,0,6,0.5328767123287671,0
2025-07-26,143707669147,475247,5,1,0,0,0,5,0.5342465753424658,0
2025-07-27,119985011103,497828,6,1,0,0,0,4,0.5356164383561643,0
2025-07-28,128548510043,516536,0,0,0,0,0,3,0.536986301369863,0
2025-07-29,158479185975,584672,1,0,0,0,0,2,0.5383561643835616,0
2025-07-30,168978229341,637895,2,0,0,0,0,1,0.5397260273972603,0
2025-07-31,153964890961,605449,3,0,0,1,1,0,0.541095890410959,0
2025-08-01,215260842188,642213,4,0,0,0,0,14,0.5424657534246575,1
2025-08-02,180829633376,636862,5,1,0,0,0,13,0.5438356164383562,0
2025-08-03,121581177469,519039,6,1,0,0,0,12,0.5452054794520548,0
2025-08-04,103553050405,505229,0,0,0,0,0,11,0.5465753424657535,0
2025-08-05,137769181751,552383,1,0,0,0,0,10,0.547945205479452,0
2025-08-06,147190239310,560198,2,0,0,0,0,9,0.5493150684931507,0
2025-08-07,110805028284,458693,3,0,1,0,0,8,0.5506849315068493,0
2025-08-08,178226215761,552182,4,0,0,0,0,7,0.552054794520548,0
2025-08-09,177188719504,628133,5,1,0,0,0,6,0.5534246575342465,0
2025-08-10,134935939386,483552,6,1,0,0,0,5,0.5547945205479452,0
2025-08-11,147504523724,533734,0,0,0,0,0,4,0.5561643835616439,0
2025-08-12,169595202221,603376,1,0,0,0,0,3,0.5575342465753425,0
2025-08-13,121439476220,451713,2,0,0,0,0,2,0.5589041095890411,0
2025-08-14,124400647990,471635,3,0,0,0,0,1,0.5602739726027397,0
2025-08-15,175898200067,525869,4,0,0,1,0,0,0.5616438356164384,0
2025-08-16,106476329827,511895,5,1,0,0,0,15,0.563013698630137,0
2025-08-17,85554462665,465164,6,1,0,0,0,14,0.5643835616438356,0
2025-08-18,118322371059,460661,0,0,1,0,0,13,0.5657534246575342,0
2025-08-19,153590591849,547063,1,0,0,0,0,12,0.5671232876712329,0
2025-08-20,165106907320,560249,2,0,0,0,0,11,0.5684931506849316,0
2025-08-21,163600330659,586278,3,0,0,0,0,10,0.5698630136986301,0
2025-08-22,169783758818,640873,4,0,0,0,0,9,0.5712328767123288,0
2025-08-23,193181434056,596257,5,1,0,0,0,8,0.5726027397260274,0
2025-08-24,151396494157,555757,6,1,0,0,0,7,0.5739726027397261,0
2025-08-25,152987809342,543914,0,0,0,0,0,6,0.5753424657534246,0
2025-08-26,84531818475,269955,1,0,0,0,0,5,0.5767123287671233,0
2025-08-27,146667438119,521003,2,0,0,0,0,4,0.5780821917808219,0
2025-08-28,114148615191,462790,3,0,0,0,0,3,0.5794520547945206,0
2025-08-29,158782192305,526709,4,0,0,0,0,2,0.5808219178082191,0
2025-08-30,185431373482,632917,5,1,0,0,0,1,0.5821917808219178,0
2025-08-31,144498994910,594982,6,1,0,1,1,0,0.5835616438356165,0
2025-09-01,214264799843,660610,0,0,0,0,0,14,0.584931506849315,1
2025-09-02,102473310103,516342,1,0,0,0,0,13,0.5863013698630137,0
2025-09-03,130404730190,575554,2,0,0,0,0,12,0.5876712328767123,0
2025-09-04,111016337040,488725,3,0,0,0,0,11,0.589041095890411,0
2025-09-05,160631438004,602836,4,0,0,0,0,10,0.5904109589041096,0
2025-09-06,168106168105,598782,5,1,0,0,0,9,0.5917808219178082,0
2025-09-07,83245239380,417868,6,1,0,0,0,8,0.5931506849315068,0
2025-09-08,143691894257,590297,0,0,0,0,0,7,0.5945205479452055,0
2025-09-09,135376170457,536144,1,0,0,0,0,6,0.5958904109589042,0
2025-09-10,187377451341,529188,2,0,0,0,0,5,0.5972602739726027,0
2025-09-11,157237077734,487308,3,0,0,0,0,4,0.5986301369863014,0
2025-09-12,144322667769,544092,4,0,0,0,0,3,0.6,0
2025-09-13,174554661368,629265,5,1,0,0,0,2,0.6013698630136987,0
2025-09-14,103273183992,491789,6,1,0,0,0,1,0.6027397260273972,0
2025-09-15,126747240249,594550,0,0,0,1,0,0,0.6041095890410959,0
2025-09-16,175833594059,632326,1,0,0,0,0,14,0.6054794520547945,0
2025-09-17,149946852140,621974,2,0,0,0,0,13,0.6068493150684932,0
2025-09-18,137448196245,522588,3,0,0,0,0,12,0.6082191780821918,0
2025-09-19,113198034679,501292,4,0,0,0,0,11,0.6095890410958904,0
2025-09-20,175291901688,664131,5,1,0,0,0,10,0.6109589041095891,0
2025-09-21,120530624633,485384,6,1,0,0,0,9,0.6123287671232877,0
2025-09-22,173292596925,599431,0,0,0,0,0,8,0.6136986301369863,0
2025-09-23,173994002376,586582,1,0,0,0,0,7,0.6150684931506849,0
2025-09-24,126809629155,549339,2,0,0,0,0,6,0.6164383561643836,0
2025-09-25,163192306982,556149,3,0,0,0,0,5,0.6178082191780822,0
2025-09-26,171978418005,679652,4,0,0,0,0,4,0.6191780821917808,0
2025-09-27,225149625239,719197,5,1,0,0,0,3,0.6205479452054794,1
2025-09-28,122857962364,503434,6,1,0,0,0,2,0.6219178082191781,0
2025-09-29,127962661593,552636,0,0,0,0,0,1,0.6232876712328768,0
2025-09-30,184515602103,677915,1,0,0,1,1,0,0.6246575342465753,0
2025-10-01,150104629969,523409,2,0,0,0,0,14,0.626027397260274,0
2025-10-02,160426113589,560614,3,0,0,0,0,13,0.6273972602739726,0
2025-10-03,154296042183,559826,4,0,0,0,0,12,0.6287671232876713,0
2025-10-04,208620225918,604725,5,1,0,0,0,11,0.6301369863013698,0
2025-10-05,123219270207,449174,6,1,0,0,0,10,0.6315068493150685,0
2025-10-06,121996362107,453114,0,0,0,0,0,9,0.6328767123287671,0
2025-10-07,138268716797,447665,1,0,0,0,0,8,0.6342465753424658,0
2025-10-08,164524302612,485290,2,0,0,0,0,7,0.6356164383561644,0
2025-10-09,165470461154,501759,3,0,0,0,0,6,0.636986301369863,0
2025-10-10,130800709217,546325,4,0,0,0,0,5,0.6383561643835617,0
2025-10-11,179169595671,690647,5,1,0,0,0,4,0.6397260273972603,0
2025-10-12,154197847183,533931,6,1,0,0,0,3,0.6410958904109589,0
2025-10-13,93850894653,386380,0,0,1,0,0,2,0.6424657534246575,0
2025-10-14,135513318541,567563,1,0,0,0,0,1,0.6438356164383562,0
2025-10-15,142988028803,550970,2,0,0,1,0,0,0.6452054794520548,0
2025-10-16,154697232521,550767,3,0,0,0,0,15,0.6465753424657534,0
2025-10-17,158472427474,570491,4,0,0,0,0,14,0.647945205479452,0
2025-10-18,167334516410,620882,5,1,0,0,0,13,0.6493150684931507,0
2025-10-19,106224805942,470768,6,1,0,0,0,12,0.6506849315068494,0
2025-10-20,147655116608,579386,0,0,0,0,0,11,0.6520547945205479,0
2025-10-21,125543582447,493780,1,0,0,0,0,10,0.6534246575342466,0
2025-10-22,189819199369,539858,2,0,0,0,0,9,0.6547945205479452,0
2025-10-23,179105619113,645721,3,0,0,0,0,8,0.6561643835616439,0
2025-10-24,178389845979,572398,4,0,0,0,0,7,0.6575342465753424,0
2025-10-25,182995030955,663969,5,1,0,0,0,6,0.6589041095890411,0
2025-10-26,117699861497,489595,6,1,0,0,0,5,0.6602739726027397,0
2025-10-27,141996299027,556397,0,0,0,0,0,4,0.6616438356164384,0
2025-10-28,106277639375,547528,1,0,0,0,0,3,0.663013698630137,0
2025-10-29,122591348903,531275,2,0,0,0,0,2,0.6643835616438356,0
2025-10-30,111368319673,530446,3,0,0,0,0,1,0.6657534246575343,0
2025-10-31,134449656732,652807,4,0,0,1,1,0,0.6671232876712329,0
2025-11-01,143223874366,570190,5,1,0,0,0,14,0.6684931506849315,0
2025-11-02,152783406929,535271,6,1,0,0,0,13,0.6698630136986301,0
2025-11-03,129106992327,464325,0,0,1,0,0,12,0.6712328767123288,0
2025-11-04,187207170357,568496,1,0,0,0,0,11,0.6726027397260274,0
2025-11-05,152730817921,525650,2,0,0,0,0,10,0.673972602739726,0
2025-11-06,160091114919,544747,3,0,0,0,0,9,0.6753424657534246,0
2025-11-07,137486205345,545543,4,0,0,0,0,8,0.6767123287671233,0
2025-11-08,199053535978,637628,5,1,0,0,0,7,0.678082191780822,0
2025-11-09,108782877325,405556,6,1,0,0,0,6,0.6794520547945205,0
2025-11-10,133636811967,512788,0,0,0,0,0,5,0.6808219178082192,0
2025-11-11,137673722436,451735,1,0,0,0,0,4,0.6821917808219178,0
2025-11-12,138300328283,466951,2,0,0,0,0,3,0.6835616438356165,0
2025-11-13,147682954784,587605,3,0,0,0,0,2,0.684931506849315,0
2025-11-14,148479419416,606341,4,0,0,0,0,1,0.6863013698630137,0
2025-11-15,147140062210,583029,5,1,0,1,0,0,0.6876712328767123,0
2025-11-16,113206009292,453525,6,1,0,0,0,14,0.689041095890411,0
2025-11-17,90384596201,310146,0,0,1,0,0,13,0.6904109589041096,0
2025-11-18,135480029403,523421,1,0,0,0,0,12,0.6917808219178082,0
2025-11-19,183100404746,657084,2,0,0,0,0,11,0.6931506849315069,0
2025-11-20,156599999830,543848,3,0,0,0,0,10,0.6945205479452055,0
2025-11-21,162248925037,532873,4,0,0,0,0,9,0.6958904109589041,0
2025-11-22,214149213326,612726,5,1,0,0,0,8,0.6972602739726027,1
2025-11-23,119099687225,417376,6,1,0,0,0,7,0.6986301369863014,0
2025-11-24,127167867621,514610,0,0,0,0,0,6,0.7,0
2025-11-25,191215992112,555268,1,0,0,0,0,5,0.7013698630136986,0
2025-11-26,139452557280,535369,2,0,0,0,0,4,0.7027397260273973,0
2025-11-27,170294031558,560613,3,0,0,0,0,3,0.7041095890410959,0
2025-11-28,165584960487,578537,4,0,0,0,0,2,0.7054794520547946,0
2025-11-29,174888248978,623484,5,1,0,0,0,1,0.7068493150684931,0
2025-11-30,96355145281,496507,6,1,0,1,1,0,0.7082191780821918,0
2025-12-01,202061512205,606120,0,0,0,0,0,14,0.7095890410958904,0
2025-12-02,187085130405,662893,1,0,0,0,0,13,0.7109589041095891,0
2025-12-03,187173521648,497414,2,0,0,0,0,12,0.7123287671232876,0
2025-12-04,188075271658,486415,3,0,0,0,0,11,0.7136986301369863,0
2025-12-05,197563763207,634941,4,0,0,0,0,10,0.7150684931506849,0
2025-12-06,216355672548,583820,5,1,0,0,0,9,0.7164383561643836,1
2025-12-07,151485330199,552472,6,1,0,0,0,8,0.7178082191780822,0
2025-12-08,129314490203,410262,0,0,1,0,0,7,0.7191780821917808,0
2025-12-09,238941260344,628697,1,0,0,0,0,6,0.7205479452054795,1
2025-12-10,185355735468,551449,2,0,0,0,0,5,0.7219178082191781,0
2025-12-11,214223921099,540936,3,0,0,0,0,4,0.7232876712328767,1
2025-12-12,209927243266,646619,4,0,0,0,0,3,0.7246575342465753,0
2025-12-13,230539801153,574708,5,1,0,0,0,2,0.726027397260274,1
2025-12-14,136628753804,448954,6,1,0,0,0,1,0.7273972602739726,0
2025-12-15,203218433802,543290,0,0,0,1,0,0,0.7287671232876712,0
2025-12-16,205936126256,624813,1,0,0,0,0,15,0.7301369863013699,0
2025-12-17,157411256874,468200,2,0,0,0,0,14,0.7315068493150685,0
2025-12-18,180883436603,558980,3,0,0,0,0,13,0.7328767123287672,0
2025-12-19,167462548497,539316,4,0,0,0,0,12,0.7342465753424657,0
2025-12-20,253812362794,655417,5,1,0,0,0,11,0.7356164383561644,1
2025-12-21,124981453844,384805,6,1,0,0,0,10,0.736986301369863,0
2025-12-22,181811130172,496291,0,0,0,0,0,9,0.7383561643835617,0
2025-12-23,194818969054,471524,1,0,0,0,0,8,0.7397260273972602,0
2025-12-24,200610147094,504473,2,0,0,0,0,7,0.7410958904109589,0
2025-12-25,84813317241,270217,3,0,1,0,0,6,0.7424657534246575,0
2025-12-26,201398871688,557657,4,0,0,0,0,5,0.7438356164383562,0
2025-12-27,192973979916,580503,5,1,0,0,0,4,0.7452054794520548,0
2025-12-28,146299504516,483473,6,1,0,0,0,3,0.7465753424657534,0
2025-12-29,172880722308,543877,0,0,0,0,0,2,0.7479452054794521,0
2025-12-30,229904694597,550932,1,0,0,0,0,1,0.7493150684931507,1
2025-12-31,229883917900,649231,2,0,0,1,1,0,0.7506849315068493,1
2026-01-01,68774142031,267625,3,0,1,0,0,14,0.7520547945205479,0
2026-01-02,176105390400,555008,4,0,0,0,0,13,0.7534246575342466,0
2026-01-03,121111264676,567662,5,1,0,0,0,12,0.7547945205479452,0
2026-01-04,84194335601,458263,6,1,0,0,0,11,0.7561643835616438,0
2026-01-05,173248820031,575051,0,0,0,0,0,10,0.7575342465753425,0
2026-01-06,141815940542,501904,1,0,0,0,0,9,0.7589041095890411,0
2026-01-07,135316342365,482243,2,0,0,0,0,8,0.7602739726027398,0
2026-01-08,99658230851,448446,3,0,0,0,0,7,0.7616438356164383,0
2026-01-09,129697328124,467869,4,0,0,0,0,6,0.763013698630137,0
2026-01-10,172055259472,480039,5,1,0,0,0,5,0.7643835616438356,0
2026-01-11,109505335260,410650,6,1,0,0,0,4,0.7657534246575343,0
2026-01-12,108585012287,386351,0,0,1,0,0,3,0.7671232876712328,0
2026-01-13,138691925744,521089,1,0,0,0,0,2,0.7684931506849315,0
2026-01-14,129500677776,498233,2,0,0,0,0,1,0.7698630136986301,0
2026-01-15,93572815408,474802,3,0,0,1,0,0,0.7712328767123288,0
2026-01-16,172842708864,602181,4,0,0,0,0,15,0.7726027397260274,0
2026-01-17,183787432224,576560,5,1,0,0,0,14,0.773972602739726,0
2026-01-18,86708423395,439942,6,1,0,0,0,13,0.7753424657534247,0
2026-01-19,116188235340,457471,0,0,0,0,0,12,0.7767123287671233,0
2026-01-20,128630619521,530838,1,0,0,0,0,11,0.7780821917808219,0
2026-01-21,121854038284,504340,2,0,0,0,0,10,0.7794520547945205,0
2026-01-22,111634309887,418373,3,0,0,0,0,9,0.7808219178082192,0
2026-01-23,107194912115,512632,4,0,0,0,0,8,0.7821917808219178,0
2026-01-24,172210572895,553334,5,1,0,0,0,7,0.7835616438356164,0
2026-01-25,108889525021,410213,6,1,0,0,0,6,0.7849315068493151,0
2026-01-26,132473321015,494335,0,0,0,0,0,5,0.7863013698630137,0
2026-01-27,87022373715,439634,1,0,0,0,0,4,0.7876712328767124,0
2026-01-28,133880620102,555591,2,0,0,0,0,3,0.7890410958904109,0
2026-01-29,163115983762,535103,3,0,0,0,0,2,0.7904109589041096,0
2026-01-30,102298280309,549432,4,0,0,0,0,1,0.7917808219178082,0
2026-01-31,173951074478,625261,5,1,0,1,1,0,0.7931506849315069,0
2026-02-01,86148756080,399286,6,1,0,0,0,14,0.7945205479452054,0
2026-02-02,154133374020,492680,0,0,0,0,0,13,0.7958904109589041,0
2026-02-03,143291601242,535790,1,0,0,0,0,12,0.7972602739726027,0
2026-02-04,144443815626,487488,2,0,0,0,0,11,0.7986301369863014,0
2026-02-05,163089007272,557014,3,0,0,0,0,10,0.8,0
2026-02-06,232976778049,661999,4,0,0,0,0,9,0.8013698630136986,1
2026-02-07,153785039206,525832,5,1,0,0,0,8,0.8027397260273973,0
2026-02-08,118131641070,448995,6,1,0,0,0,7,0.8041095890410959,0
2026-02-09,126798014229,539964,0,0,0,0,0,6,0.8054794520547945,0
2026-02-10,209906074441,630141,1,0,0,0,0,5,0.8068493150684931,0
2026-02-11,123512897560,480192,2,0,0,0,0,4,0.8082191780821918,0
2026-02-12,137057803524,535094,3,0,0,0,0,3,0.8095890410958904,0
2026-02-13,188139081427,653111,4,0,0,0,0,2,0.810958904109589,0
2026-02-14,122128412001,500682,5,1,0,0,0,1,0.8123287671232877,0
2026-02-15,117971455068,455384,6,1,0,1,0,0,0.8136986301369863,0
2026-02-16,175455815345,549288,0,0,0,0,0,12,0.815068493150685,0
2026-02-17,158516794648,524556,1,0,0,0,0,11,0.8164383561643835,0
2026-02-18,132847161918,579010,2,0,0,0,0,10,0.8178082191780822,0
2026-02-19,144895584270,534746,3,0,0,0,0,9,0.8191780821917808,0
2026-02-20,148543817764,471493,4,0,0,0,0,8,0.8205479452054795,0
2026-02-21,143346871739,615390,5,1,0,0,0,7,0.821917808219178,0
2026-02-22,101261316790,460355,6,1,0,0,0,6,0.8232876712328767,0
2026-02-23,186723215191,589408,0,0,0,0,0,5,0.8246575342465754,0
2026-02-24,156745363919,519256,1,0,0,0,0,4,0.826027397260274,0
2026-02-25,151559700979,508636,2,0,0,0,0,3,0.8273972602739726,0
2026-02-26,184935665572,548852,3,0,0,0,0,2,0.8287671232876712,0
2026-02-27,183517721335,599661,4,0,0,0,0,1,0.8301369863013699,0
2026-02-28,198813915743,611827,5,1,0,1,1,0,0.8315068493150685,0
2026-03-01,144984510252,432525,6,1,0,0,0,14,0.8328767123287671,0
2026-03-02,161275471738,576538,0,0,0,0,0,13,0.8342465753424657,0
2026-03-03,132168839106,499111,1,0,0,0,0,12,0.8356164383561644,0
2026-03-04,164730792591,550975,2,0,0,0,0,11,0.836986301369863,0
2026-03-05,132531425940,456302,3,0,0,0,0,10,0.8383561643835616,0
2026-03-06,158675303850,583672,4,0,0,0,0,9,0.8397260273972603,0
2026-03-07,144140817340,545416,5,1,0,0,0,8,0.8410958904109589,0
2026-03-08,138974750866,429539,6,1,0,0,0,7,0.8424657534246576,0
2026-03-09,168157381887,562728,0,0,0,0,0,6,0.8438356164383561,0
2026-03-10,150436452234,562310,1,0,0,0,0,5,0.8452054794520548,0
2026-03-11,161144817608,509736,2,0,0,0,0,4,0.8465753424657534,0
2026-03-12,161376663241,591718,3,0,0,0,0,3,0.8479452054794521,0
2026-03-13,151874461393,538878,4,0,0,0,0,2,0.8493150684931506,0
2026-03-14,190216674842,589809,5,1,0,0,0,1,0.8506849315068493,0
2026-03-15,113024023491,527188,6,1,0,1,0,0,0.852054794520548,0
2026-03-16,161863582708,539212,0,0,0,0,0,15,0.8534246575342466,0
2026-03-17,207213908040,573677,1,0,0,0,0,14,0.8547945205479452,0
2026-03-18,154727469084,513646,2,0,0,0,0,13,0.8561643835616438,0
2026-03-19,133191991654,503974,3,0,0,0,0,12,0.8575342465753425,0
2026-03-20,172225297522,629948,4,0,0,0,0,11,0.8589041095890411,0
2026-03-21,153350252535,533031,5,1,0,0,0,10,0.8602739726027397,0
2026-03-22,93660057339,380148,6,1,0,0,0,9,0.8616438356164383,0
2026-03-23,133373464865,484337,0,0,1,0,0,8,0.863013698630137,0
2026-03-24,220968364738,676611,1,0,0,0,0,7,0.8643835616438356,1
2026-03-25,117644853826,519870,2,0,0,0,0,6,0.8657534246575342,0
2026-03-26,132184342044,432133,3,0,0,0,0,5,0.8671232876712329,0
2026-03-27,151790180860,545452,4,0,0,0,0,4,0.8684931506849315,0
2026-03-28,181501536754,572960,5,1,0,0,0,3,0.8698630136986302,0
2026-03-29,105052703163,477295,6,1,0,0,0,2,0.8712328767123287,0
2026-03-30,173710815392,518594,0,0,0,0,0,1,0.8726027397260274,0
2026-03-31,219683734986,648533,1,0,0,1,1,0,0.873972602739726,1
2026-04-01,189327047184,593271,2,0,0,0,0,14,0.8753424657534247,0
2026-04-02,85617998204,376873,3,0,1,0,0,13,0.8767123287671232,0
2026-04-03,153204784576,477154,4,0,1,0,0,12,0.8780821917808219,0
2026-04-04,221772807781,696758,5,1,0,0,0,11,0.8794520547945206,1
2026-04-05,101489278934,493110,6,1,0,0,0,10,0.8808219178082192,0
2026-04-06,147922443023,512706,0,0,0,0,0,9,0.8821917808219178,0
2026-04-07,167373341778,543307,1,0,0,0,0,8,0.8835616438356164,0
2026-04-08,174100165069,569427,2,0,0,0,0,7,0.8849315068493151,0
2026-04-09,125483366578,441844,3,0,0,0,0,6,0.8863013698630137,0
2026-04-10,172370765272,569434,4,0,0,0,0,5,0.8876712328767123,0
2026-04-11,203021123093,567442,5,1,0,0,0,4,0.8890410958904109,0
2026-04-12,165875806053,566352,6,1,0,0,0,3,0.8904109589041096,0
2026-04-13,98942658382,520470,0,0,0,0,0,2,0.8917808219178082,0
2026-04-14,179983523017,632953,1,0,0,0,0,1,0.8931506849315068,0
2026-04-15,144951041328,515110,2,0,0,1,0,0,0.8945205479452055,0
2026-04-16,130900356049,595107,3,0,0,0,0,14,0.8958904109589041,0
2026-04-17,171015982030,577262,4,0,0,0,0,13,0.8972602739726028,0
2026-04-18,189808488688,542111,5,1,0,0,0,12,0.8986301369863013,0
2026-04-19,109709979748,493348,6,1,0,0,0,11,0.9,0
2026-04-20,177101461821,586461,0,0,0,0,0,10,0.9013698630136986,0
2026-04-21,140810849239,534303,1,0,0,0,0,9,0.9027397260273973,0
2026-04-22,120905347251,457389,2,0,0,0,0,8,0.9041095890410958,0
2026-04-23,171607745993,522536,3,0,0,0,0,7,0.9054794520547945,0
2026-04-24,141417592251,515558,4,0,0,0,0,6,0.9068493150684932,0
2026-04-25,183475346843,569990,5,1,0,0,0,5,0.9082191780821918,0
2026-04-26,95736493257,482029,6,1,0,0,0,4,0.9095890410958904,0
2026-04-27,159203880540,447590,0,0,0,0,0,3,0.910958904109589,0
2026-04-28,149555948148,470316,1,0,0,0,0,2,0.9123287671232877,0
2026-04-29,158566094766,562959,2,0,0,0,0,1,0.9136986301369863,0
2026-04-30,162377665691,543629,3,0,0,1,1,0,0.915068493150685,0
2026-05-01,91198250695,373537,4,0,1,0,0,14,0.9164383561643835,0
2026-05-02,235329306785,674681,5,1,0,0,0,13,0.9178082191780822,1
2026-05-03,126375973313,512574,6,1,0,0,0,12,0.9191780821917809,0
2026-05-04,144801620960,509780,0,0,0,0,0,11,0.9205479452054794,0
2026-05-05,139692614167,499818,1,0,0,0,0,10,0.9219178082191781,0
2026-05-06,160383425651,597716,2,0,0,0,0,9,0.9232876712328767,0
2026-05-07,168611206636,556177,3,0,0,0,0,8,0.9246575342465754,0
2026-05-08,212993365801,702108,4,0,0,0,0,7,0.9260273972602739,0
2026-05-09,207432132549,628845,5,1,0,0,0,6,0.9273972602739726,0
2026-05-10,132888188728,517767,6,1,0,0,0,5,0.9287671232876712,0
2026-05-11,166127625199,536597,0,0,0,0,0,4,0.9301369863013699,0
2026-05-12,171972452134,608699,1,0,0,0,0,3,0.9315068493150684,0
2026-05-13,215005964851,587174,2,0,0,0,0,2,0.9328767123287671,1
2026-05-14,136516530848,599969,3,0,0,0,0,1,0.9342465753424658,0
2026-05-15,198228507880,584071,4,0,0,1,0,0,0.9356164383561644,0
2026-05-16,224287497872,628762,5,1,0,0,0,15,0.936986301369863,1
2026-05-17,110596075553,478737,6,1,0,0,0,14,0.9383561643835616,0
2026-05-18,172840097699,466844,0,0,1,0,0,13,0.9397260273972603,0
2026-05-19,214623877832,643482,1,0,0,0,0,12,0.9410958904109589,1
2026-05-20,172166302943,532944,2,0,0,0,0,11,0.9424657534246575,0
2026-05-21,146069855587,518609,3,0,0,0,0,10,0.9438356164383561,0
2026-05-22,170943722951,594478,4,0,0,0,0,9,0.9452054794520548,0
2026-05-23,177275239214,592529,5,1,0,0,0,8,0.9465753424657535,0
2026-05-24,146556770125,543179,6,1,0,0,0,7,0.947945205479452,0
2026-05-25,148444476759,434377,0,0,0,0,0,6,0.9493150684931507,0
2026-05-26,160022545820,524830,1,0,0,0,0,5,0.9506849315068493,0
2026-05-27,133369064859,516755,2,0,0,0,0,4,0.952054794520548,0
2026-05-28,131810914011,426616,3,0,0,0,0,3,0.9534246575342465,0
2026-05-29,173393789262,527996,4,0,0,0,0,2,0.9547945205479452,0
2026-05-30,200926086342,606066,5,1,0,0,0,1,0.9561643835616438,0
2026-05-31,154735388575,550205,6,1,0,1,1,0,0.9575342465753425,0
2026-06-01,180150727645,616979,0,0,0,0,0,14,0.958904109589041,0
2026-06-02,154648263120,565385,1,0,0,0,0,13,0.9602739726027397,0
2026-06-03,132411258208,494439,2,0,0,0,0,12,0.9616438356164384,0
2026-06-04,122607262783,525940,3,0,0,0,0,11,0.963013698630137,0
2026-06-05,194616610885,620320,4,0,0,0,0,10,0.9643835616438357,0
2026-06-06,170104493000,541871,5,1,0,0,0,9,0.9657534246575342,0
2026-06-07,113584587641,450303,6,1,0,0,0,8,0.9671232876712329,0
2026-06-08,87537275651,448759,0,0,1,0,0,7,0.9684931506849315,0
2026-06-09,142839142961,544816,1,0,0,0,0,6,0.9698630136986301,0
2026-06-10,195917534684,576759,2,0,0,0,0,5,0.9712328767123287,0
2026-06-11,141150128904,528001,3,0,0,0,0,4,0.9726027397260274,0
2026-06-12,192083508321,602593,4,0,0,0,0,3,0.9739726027397261,0
2026-06-13,142538858907,538710,5,1,0,0,0,2,0.9753424657534246,0
2026-06-14,153245085038,489967,6,1,0,0,0,1,0.9767123287671233,0
2026-06-15,132194975282,444329,0,0,1,1,0,0,0.9780821917808219,0
2026-06-16,170860557515,534673,1,0,0,0,0,14,0.9794520547945206,0
2026-06-17,179635373765,468311,2,0,0,0,0,13,0.9808219178082191,0
2026-06-18,193022951523,561277,3,0,0,0,0,12,0.9821917808219178,0
2026-06-19,161794127419,548897,4,0,0,0,0,11,0.9835616438356164,0
2026-06-20,159363043546,539394,5,1,0,0,0,10,0.9849315068493151,0
2026-06-21,124822077558,486254,6,1,0,0,0,9,0.9863013698630136,0
2026-06-22,189308941477,588323,0,0,0,0,0,8,0.9876712328767123,0
2026-06-23,134919693570,441792,1,0,0,0,0,7,0.989041095890411,0
2026-06-24,134926758843,471590,2,0,0,0,0,6,0.9904109589041096,0
2026-06-25,166128558953,484740,3,0,0,0,0,5,0.9917808219178083,0
2026-06-26,193876322394,641338,4,0,0,0,0,4,0.9931506849315068,0
2026-06-27,247626937851,609158,5,1,0,0,0,3,0.9945205479452055,1
2026-06-28,141827132739,524373,6,1,0,0,0,2,0.9958904109589041,0
2026-06-29,141396870606,383435,0,0,1,0,0,1,0.9972602739726028,0
2026-06-30,176031430273,544878,1,0,0,1,1,0,0.9986301369863013,0
